PLAYER_ID,SEASON_ID,PTS,AST,REB,GP,MIN,TEAM_ID,IS_ACTIVE,PLAYER_NAME,PLAYER_AGE,SEASON_NUM,PTS_NEXT,AST_NEXT,REB_NEXT,GP_NEXT,MIN_NEXT
2544,2024-25,24.43,8.21,7.8,70,34.91,1610612747,True,LeBron James,40.0,22,,,,,
101108,2024-25,8.82,7.38,3.61,82,27.95,1610612759,True,Chris Paul,39.0,20,,,,,
200768,2024-25,3.94,2.74,1.91,35,18.83,1610612755,True,Kyle Lowry,39.0,19,,,,,
200782,2024-25,3.0,0.0,2.67,3,19.33,1610612752,True,P.J. Tucker,40.0,14,,,,,
201142,2024-25,26.56,4.24,6.03,62,36.53,1610612756,True,Kevin Durant,36.0,17,,,,,
201143,2024-25,8.97,2.13,6.15,60,27.65,1610612738,True,Al Horford,38.0,18,,,,,
201144,2024-25,8.2,4.49,2.56,71,24.73,1610612750,True,Mike Conley,37.0,18,,,,,
201145,2024-25,5.38,0.62,1.81,32,12.38,1610612745,True,Jeff Green,38.0,17,,,,,
201566,2024-25,13.25,6.09,4.93,75,27.89,1610612743,True,Russell Westbrook,36.0,17,,,,,
201567,2024-25,5.3,0.96,4.09,23,10.91,1610612748,True,Kevin Love,36.0,17,,,,,
201569,2024-25,6.82,1.67,1.18,39,19.72,1610612755,True,Eric Gordon,36.0,17,,,,,
201572,2024-25,13.01,1.79,5.01,80,31.82,1610612749,True,Brook Lopez,37.0,17,,,,,
201587,2024-25,4.01,1.08,2.79,78,17.53,1610612746,True,Nicolas Batum,36.0,17,,,,,
201599,2024-25,3.73,0.95,5.07,56,12.34,1610612743,True,DeAndre Jordan,36.0,17,,,,,
201935,2024-25,22.81,8.7,5.77,79,35.3,1610612746,True,James Harden,35.0,16,,,,,
201939,2024-25,24.54,6.01,4.43,70,32.17,1610612744,True,Stephen Curry,37.0,16,,,,,
201942,2024-25,22.21,4.44,3.87,77,35.95,1610612758,True,DeMar DeRozan,35.0,16,,,,,
201949,2024-25,0.67,0.33,0.5,12,3.08,1610612754,True,James Johnson,38.0,16,,,,,
201950,2024-25,11.06,3.85,4.27,62,30.58,1610612738,True,Jrue Holiday,34.0,16,,,,,
201959,2024-25,2.89,0.57,3.24,37,11.05,1610612766,True,Taj Gibson,39.0,16,,,,,
201988,2024-25,3.83,0.9,0.76,58,11.07,0,True,Patty Mills,36.0,16,,,,,
202066,2024-25,1.89,1.11,1.04,28,8.11,1610612761,True,Garrett Temple,38.0,15,,,,,
202331,2024-25,16.22,4.34,5.34,41,32.54,1610612755,True,Paul George,34.0,15,,,,,
202681,2024-25,24.68,4.62,4.8,50,36.08,1610612742,True,Kyrie Irving,33.0,14,,,,,
202684,2024-25,1.72,0.6,3.35,40,8.2,1610612739,True,Tristan Thompson,34.0,13,,,,,
202685,2024-25,10.41,2.02,7.74,162,18.81,0,True,Jonas Valančiūnas,32.0,13,,,,,
202687,2024-25,5.14,1.11,5.64,28,18.86,1610612759,True,Bismack Biyombo,32.0,14,,,,,
202691,2024-25,13.96,2.01,3.42,72,27.29,1610612742,True,Klay Thompson,35.0,12,,,,,
202692,2024-25,7.27,1.12,2.53,49,17.63,1610612748,True,Alec Burks,33.0,14,,,,,
202693,2024-25,3.73,1.4,1.53,30,10.97,0,True,Markieff Morris,35.0,14,,,,,
202695,2024-25,21.51,3.14,5.92,37,31.89,1610612746,True,Kawhi Leonard,33.0,13,,,,,
202696,2024-25,18.48,3.51,10.07,73,31.21,1610612741,True,Nikola Vučević,34.0,14,,,,,
202699,2024-25,13.73,2.22,5.92,73,31.58,1610612765,True,Tobias Harris,32.0,14,,,,,
202704,2024-25,4.39,1.45,1.35,31,12.39,1610612755,True,Reggie Jackson,34.0,14,,,,,
202709,2024-25,3.54,1.44,1.48,50,12.24,1610612753,True,Cory Joseph,33.0,14,,,,,
202710,2024-25,17.53,5.42,5.38,110,31.75,0,True,Jimmy Butler III,35.0,14,,,,,
203076,2024-25,24.73,3.55,11.57,102,33.43,0,True,Anthony Davis,32.0,13,,,,,
203078,2024-25,17.02,3.68,3.34,53,32.11,1610612756,True,Bradley Beal,31.0,13,,,,,
203081,2024-25,24.95,7.07,4.69,58,36.09,1610612749,True,Damian Lillard,34.0,13,,,,,
203083,2024-25,7.32,0.85,7.75,40,18.77,1610612755,True,Andre Drummond,31.0,13,,,,,
203084,2024-25,12.33,1.66,3.78,82,27.2,1610612759,True,Harrison Barnes,32.0,13,,,,,
203109,2024-25,2.56,0.67,2.22,9,11.44,1610612758,True,Jae Crowder,34.0,13,,,,,
203110,2024-25,9.01,5.63,6.09,68,29.16,1610612744,True,Draymond Green,35.0,13,,,,,
203114,2024-25,11.89,4.05,3.7,74,22.78,0,True,Khris Middleton,33.0,13,,,,,
203458,2024-25,1.61,0.83,2.07,92,8.26,0,True,Alex Len,31.0,12,,,,,
203468,2024-25,21.12,4.05,3.79,56,32.71,1610612740,True,CJ McCollum,33.0,12,,,,,
203471,2024-25,13.07,5.39,2.64,150,28.07,0,True,Dennis Schröder,31.0,12,,,,,
203482,2024-25,8.73,2.91,4.68,88,20.25,0,True,Kelly Olynyk,34.0,12,,,,,
203484,2024-25,8.74,1.77,2.19,77,29.6,1610612753,True,Kentavious Caldwell-Pope,32.0,12,,,,,
203486,2024-25,4.5,1.81,6.15,74,17.57,1610612756,True,Mason Plumlee,35.0,12,,,,,
203497,2024-25,12.03,1.76,10.9,72,33.17,1610612750,True,Rudy Gobert,32.0,12,,,,,
203500,2024-25,3.88,1.14,5.64,58,13.69,1610612745,True,Steven Adams,31.0,11,,,,,
203501,2024-25,10.96,1.6,2.38,77,27.96,1610612765,True,Tim Hardaway Jr.,33.0,12,,,,,
203507,2024-25,30.39,6.46,11.91,67,34.16,1610612749,True,Giannis Antetokounmpo,30.0,12,,,,,
203552,2024-25,6.53,0.88,1.66,68,15.62,1610612766,True,Seth Curry,34.0,11,,,,,
203897,2024-25,23.3,4.19,4.26,148,35.17,0,True,Zach LaVine,30.0,11,,,,,
203901,2024-25,3.54,6.92,3.29,48,21.29,0,True,Elfrid Payton,31.0,9,,,,,
203903,2024-25,16.22,3.73,3.19,37,26.0,1610612762,True,Jordan Clarkson,32.0,11,,,,,
203914,2024-25,3.02,0.62,1.33,48,14.81,1610612753,True,Gary Harris,30.0,11,,,,,
203915,2024-25,11.04,4.42,2.65,79,27.04,1610612742,True,Spencer Dinwiddie,32.0,11,,,,,
203924,2024-25,14.4,2.15,3.47,47,32.43,1610612757,True,Jerami Grant,31.0,11,,,,,
203926,2024-25,3.5,0.17,0.52,42,8.14,1610612758,True,Doug McDermott,33.0,11,,,,,
203932,2024-25,14.67,3.22,4.84,51,28.37,1610612743,True,Aaron Gordon,29.0,11,,,,,
203935,2024-25,8.97,3.21,2.12,68,20.0,0,True,Marcus Smart,31.0,11,,,,,
203937,2024-25,5.85,2.38,3.38,122,16.43,0,True,Kyle Anderson,31.0,11,,,,,
203939,2024-25,2.07,1.0,2.15,55,10.02,1610612742,True,Dwight Powell,33.0,11,,,,,
203944,2024-25,18.67,4.68,7.06,69,32.26,1610612750,True,Julius Randle,30.0,11,,,,,
203952,2024-25,17.97,2.63,4.48,120,30.7,0,True,Andrew Wiggins,30.0,11,,,,,
203954,2024-25,23.79,4.47,8.16,19,30.21,1610612755,True,Joel Embiid,31.0,9,,,,,
203957,2024-25,8.7,2.8,1.65,20,18.6,1610612742,True,Danté Exum,29.0,8,,,,,
203991,2024-25,8.87,1.13,8.53,55,21.38,1610612737,True,Clint Capela,30.0,11,,,,,
203992,2024-25,10.8,2.7,2.94,108,24.96,0,True,Bogdan Bogdanović,32.0,8,,,,,
203994,2024-25,8.88,2.25,7.8,102,20.84,0,True,Jusuf Nurkić,30.0,11,,,,,
203995,2024-25,6.56,3.12,2.17,82,19.15,0,True,Vasilije Micić,31.0,2,,,,,
203999,2024-25,29.59,10.23,12.74,70,36.73,1610612743,True,Nikola Jokić,30.0,10,,,,,
204001,2024-25,19.48,2.07,6.76,42,28.81,1610612738,True,Kristaps Porziņģis,29.0,9,,,,,
204060,2024-25,0.79,1.21,0.58,19,6.0,1610612750,True,Joe Ingles,37.0,11,,,,,
204456,2024-25,9.11,4.44,2.44,79,17.91,1610612754,True,T.J. McConnell,33.0,10,,,,,
1626143,2024-25,0.0,1.0,1.0,1,3.0,1610612754,True,Jahlil Okafor,29.0,7,,,,,
1626145,2024-25,10.23,5.3,2.42,81,26.84,1610612756,True,Tyus Jones,28.0,10,,,,,
1626153,2024-25,3.12,1.92,1.65,80,15.88,0,True,Delon Wright,33.0,10,,,,,
1626156,2024-25,12.62,5.12,2.79,116,25.52,0,True,D'Angelo Russell,29.0,10,,,,,
1626157,2024-25,24.43,3.08,12.78,72,34.96,1610612752,True,Karl-Anthony Towns,29.0,10,,,,,
1626158,2024-25,7.42,1.35,5.71,31,17.23,1610612764,True,Richaun Holmes,31.0,10,,,,,
1626162,2024-25,15.1,1.8,6.13,60,34.63,1610612755,True,Kelly Oubre Jr.,29.0,10,,,,,
1626164,2024-25,25.64,7.05,4.07,75,37.27,1610612756,True,Devin Booker,28.0,10,,,,,
1626166,2024-25,6.94,2.82,1.44,72,15.14,1610612752,True,Cameron Payne,30.0,10,,,,,
1626167,2024-25,15.56,1.54,6.54,72,30.19,1610612754,True,Myles Turner,29.0,10,,,,,
1626168,2024-25,6.54,1.19,4.58,69,19.57,1610612758,True,Trey Lyles,29.0,10,,,,,
1626171,2024-25,13.88,2.12,8.39,49,25.39,1610612749,True,Bobby Portis,30.0,10,,,,,
1626172,2024-25,4.53,1.55,6.08,76,15.03,1610612744,True,Kevon Looney,29.0,10,,,,,
1626179,2024-25,10.61,2.61,3.72,64,25.91,1610612748,True,Terry Rozier,31.0,10,,,,,
1626181,2024-25,21.77,2.08,3.17,60,32.63,1610612746,True,Norman Powell,31.0,10,,,,,
1626192,2024-25,5.27,1.71,2.66,41,14.71,1610612749,True,Pat Connaughton,32.0,10,,,,,
1626196,2024-25,4.0,1.5,1.5,8,18.62,1610612748,True,Josh Richardson,31.0,10,,,,,
1626204,2024-25,8.46,1.58,4.29,24,19.29,1610612737,True,Larry Nance Jr.,32.0,10,,,,,
1626220,2024-25,9.07,2.17,4.65,75,24.49,1610612756,True,Royce O'Neale,31.0,8,,,,,
1627732,2024-25,5.02,5.59,4.73,102,21.96,0,True,Ben Simmons,28.0,7,,,,,
1627734,2024-25,19.1,6.04,13.89,70,34.7,1610612758,True,Domantas Sabonis,28.0,9,,,,,
1627736,2024-25,16.29,1.7,2.61,82,27.84,1610612765,True,Malik Beasley,28.0,9,,,,,
1627739,2024-25,6.41,2.84,3.39,74,24.09,1610612746,True,Kris Dunn,31.0,9,,,,,
1627741,2024-25,11.12,1.63,3.22,82,22.72,1610612744,True,Buddy Hield,32.0,9,,,,,
1627742,2024-25,22.22,5.17,5.56,18,33.06,1610612740,True,Brandon Ingram,27.0,9,,,,,
1627746,2024-25,1.25,0.25,0.75,4,3.0,1610612758,True,Skal Labissiere,28.0,5,,,,,
1627747,2024-25,12.12,3.36,3.17,128,24.94,0,True,Caris LeVert,30.0,9,,,,,
1627749,2024-25,17.48,7.35,6.45,31,32.65,1610612740,True,Dejounte Murray,28.0,8,,,,,
1627750,2024-25,21.43,6.01,3.9,67,36.09,1610612743,True,Jamal Murray,28.0,8,,,,,
1627751,2024-25,14.46,2.77,9.6,57,29.58,1610612761,True,Jakob Poeltl,29.0,9,,,,,
1627752,2024-25,8.2,1.94,3.59,80,27.08,1610612749,True,Taurean Prince,31.0,9,,,,,
1627759,2024-25,22.19,4.54,5.84,63,34.25,1610612738,True,Jaylen Brown,28.0,9,,,,,
1627763,2024-25,12.71,4.08,3.79,24,23.5,1610612764,True,Malcolm Brogdon,32.0,9,,,,,
1627777,2024-25,9.92,1.41,3.44,158,21.48,0,True,Georges Niang,31.0,9,,,,,
1627780,2024-25,6.45,1.34,2.98,62,14.95,1610612744,True,Gary Payton II,32.0,9,,,,,
1627783,2024-25,20.23,3.37,6.92,78,32.67,1610612754,True,Pascal Siakam,31.0,9,,,,,
1627814,2024-25,3.32,0.44,0.8,25,5.76,1610612756,True,Damion Lee,32.0,7,,,,,
1627824,2024-25,10.97,2.11,5.64,70,27.07,1610612755,True,Guerschon Yabusele,29.0,3,,,,,
1627827,2024-25,8.71,1.43,3.92,126,28.87,0,True,Dorian Finney-Smith,31.0,9,,,,,
1627832,2024-25,14.07,5.55,3.68,60,35.18,1610612745,True,Fred VanVleet,31.0,9,,,,,
1627884,2024-25,10.14,0.78,3.42,77,24.32,1610612746,True,Derrick Jones Jr.,28.0,9,,,,,
1627936,2024-25,7.07,2.54,2.94,54,19.28,1610612760,True,Alex Caruso,31.0,8,,,,,
1628365,2024-25,2.9,1.29,0.95,21,8.76,1610612758,True,Markelle Fultz,26.0,8,,,,,
1628366,2024-25,7.63,3.29,3.37,35,22.2,1610612741,True,Lonzo Ball,27.0,6,,,,,
1628368,2024-25,23.53,6.32,4.81,124,36.15,0,True,De'Aaron Fox,27.0,8,,,,,
1628369,2024-25,26.83,5.99,8.65,72,36.44,1610612738,True,Jayson Tatum,27.0,8,,,,,
1628370,2024-25,17.18,5.57,3.77,65,31.6,1610612758,True,Malik Monk,27.0,8,,,,,
1628371,2024-25,5.35,0.56,4.42,71,15.35,1610612753,True,Jonathan Isaac,27.0,6,,,,,
1628374,2024-25,18.98,1.49,5.91,47,31.4,1610612762,True,Lauri Markkanen,27.0,8,,,,,
1628378,2024-25,23.96,4.99,4.54,71,31.44,1610612739,True,Donovan Mitchell,28.0,8,,,,,
1628379,2024-25,8.86,3.31,2.82,65,22.65,1610612763,True,Luke Kennard,28.0,8,,,,,
1628380,2024-25,6.36,1.73,4.5,128,15.27,0,True,Zach Collins,27.0,7,,,,,
1628381,2024-25,18.95,2.0,8.18,40,30.52,1610612762,True,John Collins,27.0,8,,,,,
1628384,2024-25,18.0,2.22,4.84,74,36.57,1610612752,True,OG Anunoby,27.0,8,,,,,
1628386,2024-25,13.45,1.93,9.73,82,28.0,1610612739,True,Jarrett Allen,27.0,8,,,,,
1628389,2024-25,18.08,4.32,9.6,78,34.28,1610612748,True,Bam Adebayo,27.0,8,,,,,
1628392,2024-25,11.18,3.84,10.72,57,27.89,1610612760,True,Isaiah Hartenstein,27.0,7,,,,,
1628396,2024-25,4.36,0.43,3.0,14,8.07,1610612754,True,Tony Bradley,27.0,7,,,,,
1628398,2024-25,14.83,2.34,5.69,130,29.78,0,True,Kyle Kuzma,29.0,8,,,,,
1628401,2024-25,16.42,4.75,4.49,76,33.87,1610612738,True,Derrick White,30.0,8,,,,,
1628404,2024-25,13.65,5.88,9.57,77,37.62,1610612752,True,Josh Hart,30.0,8,,,,,
1628408,2024-25,0.78,0.56,0.56,9,3.89,1610612750,True,PJ Dozier,28.0,7,,,,,
1628415,2024-25,14.04,1.71,3.67,75,31.84,1610612745,True,Dillon Brooks,29.0,8,,,,,
1628418,2024-25,6.5,0.8,3.8,132,14.59,0,True,Thomas Bryant,27.0,8,,,,,
1628420,2024-25,5.18,1.62,1.49,45,12.69,1610612756,True,Monté Morris,29.0,8,,,,,
1628436,2024-25,6.04,1.6,5.32,73,18.64,1610612738,True,Luke Kornet,29.0,8,,,,,
1628449,2024-25,10.04,0.66,4.48,50,17.24,1610612761,True,Chris Boucher,32.0,8,,,,,
1628464,2024-25,4.26,1.58,4.32,38,16.34,1610612740,True,Daniel Theis,32.0,8,,,,,
1628467,2024-25,3.03,1.26,2.79,34,18.74,1610612742,True,Maxi Kleber,33.0,8,,,,,
1628470,2024-25,4.15,0.65,2.81,52,12.08,0,True,Torrey Craig,34.0,8,,,,,
1628960,2024-25,10.62,2.14,3.03,64,24.12,1610612756,True,Grayson Allen,29.0,7,,,,,
1628963,2024-25,4.39,0.35,2.71,62,8.56,0,True,Marvin Bagley III,26.0,7,,,,,
1628964,2024-25,4.31,0.56,4.53,64,12.91,0,True,Mo Bamba,26.0,7,,,,,
1628969,2024-25,17.61,3.73,3.16,82,37.02,1610612752,True,Mikal Bridges,28.0,7,,,,,
1628970,2024-25,20.31,3.88,7.52,64,31.7,1610612766,True,Miles Bridges,27.0,6,,,,,
1628971,2024-25,8.29,2.05,4.0,82,22.49,0,True,Bruce Brown,28.0,7,,,,,
1628973,2024-25,26.0,7.31,2.88,65,35.4,1610612752,True,Jalen Brunson,28.0,7,,,,,
1628975,2024-25,4.25,1.11,1.08,36,8.92,1610612741,True,Jevon Carter,29.0,7,,,,,
1628976,2024-25,9.09,1.97,7.24,68,25.85,1610612753,True,Wendell Carter Jr.,26.0,7,,,,,
1628978,2024-25,11.66,3.63,3.68,62,25.9,1610612750,True,Donte DiVincenzo,28.0,7,,,,,
1628981,2024-25,3.41,1.06,3.0,17,8.65,1610612761,True,Bruno Fernando,26.0,6,,,,,
1628983,2024-25,32.68,6.39,4.99,76,34.18,1610612760,True,Shai Gilgeous-Alexander,26.0,7,,,,,
1628988,2024-25,5.48,1.34,1.26,62,12.77,1610612745,True,Aaron Holiday,28.0,7,,,,,
1628989,2024-25,9.87,2.26,2.97,138,24.33,0,True,Kevin Huerter,26.0,7,,,,,
1628991,2024-25,22.18,2.0,5.64,74,29.82,1610612763,True,Jaren Jackson Jr.,25.0,7,,,,,
1628995,2024-25,3.29,0.36,1.21,14,6.0,1610612744,True,Kevin Knox II,25.0,7,,,,,
1628997,2024-25,7.91,2.11,3.93,90,27.07,0,True,Caleb Martin,29.0,6,,,,,
1628998,2024-25,6.75,1.98,4.23,106,22.13,0,True,Cody Martin,29.0,6,,,,,
1629001,2024-25,10.33,2.83,3.33,6,20.17,1610612744,True,De'Anthony Melton,26.0,7,,,,,
1629003,2024-25,5.53,1.79,1.82,114,14.68,0,True,Shake Milton,28.0,7,,,,,
1629004,2024-25,8.79,2.0,2.37,38,20.0,1610612762,True,Svi Mykhailiuk,27.0,7,,,,,
1629006,2024-25,7.08,0.82,2.82,80,15.62,0,True,Josh Okogie,26.0,7,,,,,
1629008,2024-25,18.16,2.14,7.01,77,33.68,1610612743,True,Michael Porter Jr.,26.0,6,,,,,
1629011,2024-25,5.12,0.76,5.94,17,17.06,1610612752,True,Mitchell Robinson,27.0,7,,,,,
1629012,2024-25,18.4,4.19,2.71,63,27.9,1610612762,True,Collin Sexton,26.0,7,,,,,
1629013,2024-25,5.72,0.54,1.22,50,15.24,1610612752,True,Landry Shamet,28.0,7,,,,,
1629014,2024-25,19.26,4.81,2.7,70,32.74,1610612757,True,Anfernee Simons,25.0,7,,,,,
1629018,2024-25,11.14,1.18,2.27,74,25.58,1610612749,True,Gary Trent Jr.,26.0,7,,,,,
1629020,2024-25,4.08,1.14,5.06,36,16.14,1610612747,True,Jarred Vanderbilt,26.0,7,,,,,
1629021,2024-25,12.87,1.4,4.93,30,18.8,1610612753,True,Moritz Wagner,27.0,7,,,,,
1629022,2024-25,12.35,2.5,3.15,20,23.85,1610612755,True,Lonnie Walker IV,26.0,7,,,,,
1629023,2024-25,14.67,2.3,7.75,57,32.19,1610612742,True,P.J. Washington,26.0,6,,,,,
1629026,2024-25,6.32,1.41,3.49,69,16.41,1610612760,True,Kenrich Williams,30.0,7,,,,,
1629027,2024-25,24.22,11.58,3.11,76,36.04,1610612737,True,Trae Young,26.0,7,,,,,
1629028,2024-25,14.4,1.6,10.15,40,30.15,1610612757,True,Deandre Ayton,26.0,7,,,,,
1629029,2024-25,28.16,7.66,8.18,100,35.38,0,True,Luka Dončić,26.0,7,,,,,
1629048,2024-25,7.17,1.96,6.61,70,20.41,1610612753,True,Goga Bitadze,25.0,6,,,,,
1629052,2024-25,8.67,0.67,3.67,6,23.67,1610612755,True,Oshae Brissett,26.0,6,,,,,
1629057,2024-25,5.8,1.05,5.9,20,17.55,1610612757,True,Robert Williams III,27.0,7,,,,,
1629060,2024-25,13.14,1.41,5.0,59,31.68,1610612747,True,Rui Hachimura,27.0,6,,,,,
1629098,2024-25,1.56,0.11,0.56,9,4.78,1610612745,True,Jack McVeigh,28.0,1,,,,,
1629111,2024-25,4.76,0.88,3.26,42,11.9,1610612745,True,Jock Landale,29.0,4,,,,,
1629130,2024-25,11.04,2.38,2.26,74,24.14,1610612748,True,Duncan Robinson,31.0,7,,,,,
1629162,2024-25,2.13,1.11,0.65,92,6.83,0,True,Jordan McLaughlin,29.0,6,,,,,
1629216,2024-25,6.39,1.36,1.28,72,21.21,1610612747,True,Gabe Vincent,28.0,6,,,,,
1629234,2024-25,4.59,0.89,3.7,122,12.23,0,True,Drew Eubanks,28.0,7,,,,,
1629312,2024-25,6.46,1.51,3.41,74,24.57,1610612748,True,Haywood Highsmith,28.0,5,,,,,
1629599,2024-25,9.67,1.07,2.24,72,24.28,1610612746,True,Amir Coffey,27.0,6,,,,,
1629610,2024-25,6.7,1.13,2.87,47,22.79,1610612766,True,DaQuan Jeffries,27.0,5,,,,,
1629611,2024-25,7.72,1.81,2.97,134,21.1,0,True,Terance Mann,28.0,6,,,,,
1629614,2024-25,10.05,5.02,3.32,65,28.94,1610612754,True,Andrew Nembhard,25.0,3,,,,,
1629618,2024-25,4.08,2.18,1.45,49,13.59,1610612743,True,Jalen Pickett,25.0,2,,,,,
1629622,2024-25,9.42,3.16,4.34,50,25.46,1610612739,True,Max Strus,29.0,6,,,,,
1629626,2024-25,6.78,0.61,2.89,36,12.44,1610612756,True,Bol Bol,25.0,6,,,,,
1629627,2024-25,24.57,5.3,7.2,30,28.57,1610612740,True,Zion Williamson,24.0,5,,,,,
1629628,2024-25,21.09,5.41,6.31,58,32.22,1610612761,True,RJ Barrett,24.0,6,,,,,
1629629,2024-25,3.18,0.67,2.0,33,17.85,1610612747,True,Cam Reddish,25.0,6,,,,,
1629630,2024-25,23.18,7.28,4.1,50,30.38,1610612763,True,Ja Morant,25.0,6,,,,,
1629631,2024-25,17.0,1.44,4.03,128,27.19,0,True,De'Andre Hunter,27.0,6,,,,,
1629632,2024-25,20.39,4.46,3.69,74,33.11,1610612741,True,Coby White,25.0,6,,,,,
1629634,2024-25,8.34,1.03,5.09,64,18.86,1610612763,True,Brandon Clarke,28.0,6,,,,,
1629636,2024-25,20.59,6.75,2.85,75,30.68,1610612739,True,Darius Garland,25.0,6,,,,,
1629637,2024-25,6.84,1.04,4.8,56,19.52,1610612747,True,Jaxson Hayes,24.0,6,,,,,
1629638,2024-25,9.43,2.72,3.23,82,25.28,1610612750,True,Nickeil Alexander-Walker,26.0,6,,,,,
1629639,2024-25,23.9,5.51,5.18,77,35.39,1610612748,True,Tyler Herro,25.0,6,,,,,
1629640,2024-25,12.71,1.62,4.82,77,23.87,1610612759,True,Keldon Johnson,25.0,6,,,,,
1629643,2024-25,5.89,1.67,5.22,18,21.83,0,True,Chuma Okeke,26.0,5,,,,,
1629645,2024-25,10.28,3.41,3.71,150,19.76,0,True,Kevin Porter Jr.,24.0,5,,,,,
1629646,2024-25,4.36,0.47,4.22,36,10.44,1610612759,True,Charles Bassey,24.0,4,,,,,
1629650,2024-25,5.85,0.15,3.38,26,9.15,0,True,Moses Brown,25.0,6,,,,,
1629651,2024-25,10.34,2.24,7.36,70,26.89,1610612751,True,Nic Claxton,26.0,6,,,,,
1629652,2024-25,10.13,1.62,4.13,71,29.2,1610612760,True,Luguentz Dort,26.0,6,,,,,
1629655,2024-25,12.3,1.4,6.81,57,21.51,1610612742,True,Daniel Gafford,26.0,6,,,,,
1629656,2024-25,14.56,3.04,4.32,150,26.84,0,True,Quentin Grimes,24.0,4,,,,,
1629659,2024-25,6.53,1.43,1.72,58,12.48,1610612741,True,Talen Horton-Tucker,24.0,6,,,,,
1629660,2024-25,12.54,3.39,2.47,70,19.89,1610612739,True,Ty Jerome,27.0,6,,,,,
1629661,2024-25,18.77,3.4,4.33,57,31.58,1610612751,True,Cameron Johnson,29.0,6,,,,,
1629667,2024-25,0.0,0.25,0.0,4,1.75,1610612764,True,Jalen McDaniels,27.0,6,,,,,
1629669,2024-25,8.38,2.25,2.5,8,21.0,1610612740,True,Jaylen Nowell,25.0,6,,,,,
1629673,2024-25,20.46,4.46,2.99,68,29.43,1610612764,True,Jordan Poole,25.0,6,,,,,
1629674,2024-25,5.0,0.73,3.81,62,13.92,1610612738,True,Neemias Queta,25.0,4,,,,,
1629675,2024-25,14.22,2.26,6.0,80,27.5,1610612750,True,Naz Reid,25.0,6,,,,,
1629680,2024-25,7.47,1.87,3.47,15,20.8,1610612757,True,Matisse Thybulle,28.0,6,,,,,
1629684,2024-25,10.38,2.31,5.12,16,29.94,1610612766,True,Grant Williams,26.0,6,,,,,
1629723,2024-25,2.43,0.91,3.28,46,12.13,1610612763,True,John Konchar,29.0,6,,,,,
1629726,2024-25,7.51,1.28,1.85,47,17.66,1610612737,True,Garrison Mathews,28.0,6,,,,,
1629731,2024-25,5.42,1.29,4.22,59,21.24,1610612739,True,Dean Wade,28.0,6,,,,,
1629750,2024-25,5.1,0.82,3.21,136,18.5,0,True,Javonte Green,31.0,6,,,,,
1630162,2024-25,27.56,4.54,5.7,79,36.34,1610612750,True,Anthony Edwards,23.0,5,,,,,
1630163,2024-25,25.19,7.36,4.94,47,32.02,1610612766,True,LaMelo Ball,23.0,5,,,,,
1630164,2024-25,6.0,0.0,1.0,1,5.0,1610612754,True,James Wiseman,23.0,4,,,,,
1630165,2024-25,9.0,5.17,3.0,6,27.0,1610612751,True,Killian Hayes,23.0,5,,,,,
1630166,2024-25,16.93,3.9,7.25,72,30.01,1610612757,True,Deni Avdija,24.0,5,,,,,
1630167,2024-25,10.54,1.62,4.03,79,19.56,1610612754,True,Obi Toppin,27.0,5,,,,,
1630168,2024-25,13.35,2.27,8.92,74,27.89,1610612737,True,Onyeka Okongwu,24.0,5,,,,,
1630169,2024-25,18.62,9.22,3.53,73,33.56,1610612754,True,Tyrese Haliburton,25.0,5,,,,,
1630170,2024-25,16.27,2.86,3.98,64,30.98,1610612759,True,Devin Vassell,24.0,5,,,,,
1630171,2024-25,6.13,1.24,2.36,55,19.15,1610612739,True,Isaac Okoro,24.0,5,,,,,
1630172,2024-25,8.98,1.97,3.76,63,25.02,1610612741,True,Patrick Williams,23.0,5,,,,,
1630173,2024-25,6.65,0.96,5.56,57,20.53,1610612752,True,Precious Achiuwa,25.0,5,,,,,
1630174,2024-25,12.02,1.2,3.96,45,24.93,1610612754,True,Aaron Nesmith,25.0,5,,,,,
1630175,2024-25,9.4,2.85,3.04,67,18.42,1610612753,True,Cole Anthony,24.0,5,,,,,
1630178,2024-25,26.33,6.1,3.35,52,37.69,1610612755,True,Tyrese Maxey,24.0,5,,,,,
1630180,2023-24,13.7,1.46,6.52,63,32.73,1610612737,True,Saddiq Bey,25.0,4,,,,,
1630182,2024-25,7.44,1.59,2.53,68,27.76,1610612766,True,Josh Green,24.0,5,,,,,
1630183,2024-25,12.2,1.99,5.73,82,31.88,1610612750,True,Jaden McDaniels,24.0,5,,,,,
1630188,2024-25,8.19,1.02,5.58,64,15.03,1610612741,True,Jalen Smith,25.0,5,,,,,
1630191,2024-25,6.04,1.71,5.54,72,19.92,1610612765,True,Isaiah Stewart,23.0,5,,,,,
1630192,2024-25,3.23,0.4,1.58,57,10.67,1610612743,True,Zeke Nnaji,24.0,5,,,,,
1630193,2024-25,17.09,5.79,3.55,33,27.82,1610612761,True,Immanuel Quickley,25.0,5,,,,,
1630194,2024-25,4.09,0.98,2.73,45,9.73,1610612765,True,Paul Reed,25.0,5,,,,,
1630198,2024-25,10.22,1.61,2.65,74,21.68,1610612760,True,Isaiah Joe,25.0,5,,,,,
1630200,2024-25,7.17,4.17,2.52,92,19.67,0,True,Tre Jones,25.0,5,,,,,
1630201,2024-25,4.0,1.75,1.75,4,11.0,1610612766,True,Malachi Flynn,26.0,5,,,,,
1630202,2024-25,14.3,3.49,3.84,80,28.39,1610612738,True,Payton Pritchard,27.0,5,,,,,
1630205,2024-25,4.35,0.47,2.24,17,9.18,1610612763,True,Lamar Stevens,27.0,5,,,,,
1630208,2024-25,9.28,0.86,8.18,114,22.04,0,True,Nick Richards,27.0,5,,,,,
1630214,2024-25,1.03,0.21,1.3,33,7.0,1610612738,True,Xavier Tillman,26.0,5,,,,,
1630215,2024-25,9.02,3.67,1.83,120,17.4,0,True,Jared Butler,24.0,4,,,,,
1630217,2024-25,19.23,5.35,6.06,69,31.96,1610612763,True,Desmond Bane,26.0,5,,,,,
1630222,2024-25,2.3,1.1,0.9,10,4.5,1610612758,True,Mason Jones,26.0,4,,,,,
1630224,2024-25,21.01,3.44,4.6,82,32.89,1610612745,True,Jalen Green,23.0,4,,,,,
1630227,2024-25,0.33,1.0,1.33,3,4.33,1610612750,True,Daishen Nix,23.0,4,,,,,
1630228,2024-25,15.3,2.21,4.62,47,24.34,1610612744,True,Jonathan Kuminga,22.0,4,,,,,
1630230,2024-25,13.25,3.01,4.75,69,27.81,1610612742,True,Naji Marshall,27.0,5,,,,,
1630231,2024-25,6.37,1.12,2.91,86,21.21,0,True,KJ Martin,24.0,5,,,,,
1630241,2024-25,7.17,1.52,2.21,71,19.73,1610612739,True,Sam Merrill,28.0,5,,,,,
1630243,2024-25,4.9,1.23,1.74,31,13.87,1610612753,True,Trevelin Queen,28.0,4,,,,,
1630245,2024-25,12.3,4.52,3.5,46,30.3,1610612741,True,Ayo Dosunmu,25.0,4,,,,,
1630249,2024-25,7.23,2.58,2.74,57,20.23,1610612737,True,Vít Krejčí,24.0,4,,,,,
1630256,2024-25,3.62,0.9,2.25,52,11.31,1610612745,True,Jae'Sean Tate,29.0,5,,,,,
1630264,2024-25,2.53,0.31,1.29,51,7.8,1610612764,True,Anthony Gill,32.0,5,,,,,
1630283,2024-25,3.09,0.45,3.55,22,11.45,0,True,Kylor Kelley,27.0,1,,,,,
1630288,2024-25,6.95,1.9,1.46,41,15.15,1610612755,True,Jeff Dowtin Jr.,27.0,4,,,,,
1630296,2024-25,1.0,0.0,0.67,3,3.67,1610612744,True,Braxton Key,28.0,4,,,,,
1630311,2024-25,2.51,1.23,1.18,39,6.41,1610612744,True,Pat Spencer,28.0,2,,,,,
1630314,2024-25,8.33,2.3,1.76,33,14.76,1610612742,True,Brandon Williams,25.0,3,,,,,
1630322,2024-25,4.92,1.0,2.12,104,14.96,0,True,Lindy Waters III,27.0,4,,,,,
1630346,2024-25,1.47,0.16,0.42,19,3.58,1610612752,True,Matt Ryan,27.0,4,,,,,
1630526,2024-25,6.33,1.33,4.77,66,18.77,1610612740,True,Jeremiah Robinson-Earl,24.0,4,,,,,
1630527,2024-25,10.67,2.19,3.19,42,23.64,1610612740,True,Brandon Boston,23.0,4,,,,,
1630528,2024-25,2.0,0.57,0.64,14,4.93,1610612748,True,Josh Christopher,23.0,3,,,,,
1630529,2024-25,10.25,3.25,3.9,20,32.4,1610612740,True,Herbert Jones,26.0,4,,,,,
1630530,2024-25,21.21,3.55,5.06,53,34.98,1610612740,True,Trey Murphy III,24.0,4,,,,,
1630531,2024-25,2.53,0.77,1.35,86,8.49,0,True,Jaden Springer,22.0,4,,,,,
1630532,2024-25,24.15,4.73,5.7,60,33.72,1610612753,True,Franz Wagner,23.0,4,,,,,
1630533,2024-25,10.03,1.33,4.56,63,24.46,1610612751,True,Ziaire Williams,23.0,4,,,,,
1630534,2024-25,10.42,1.53,3.78,64,27.17,1610612761,True,Ochai Agbaji,24.0,3,,,,,
1630537,2024-25,2.12,0.53,1.18,17,4.35,1610612741,True,Chris Duarte,27.0,4,,,,,
1630538,2024-25,6.21,1.33,1.04,48,9.96,0,True,Bones Hyland,24.0,4,,,,,
1630539,2024-25,4.95,0.62,3.12,80,11.7,0,True,Kai Jones,24.0,3,,,,,
1630540,2024-25,9.55,2.92,2.52,64,24.89,1610612752,True,Miles McBride,24.0,4,,,,,
1630541,2024-25,9.78,1.3,2.55,74,22.28,1610612744,True,Moses Moody,22.0,4,,,,,
1630542,2024-25,6.7,1.0,7.0,10,25.3,1610612755,True,Marcus Bagley,23.0,1,,,,,
1630543,2024-25,7.0,1.0,5.6,5,16.8,1610612754,True,Isaiah Jackson,23.0,4,,,,,
1630544,2024-25,14.08,3.0,2.92,13,24.54,1610612766,True,Tre Mann,24.0,4,,,,,
1630545,2024-25,4.31,1.0,1.47,32,10.59,1610612750,True,Terrence Shannon Jr.,24.0,1,,,,,
1630548,2024-25,8.92,1.06,2.88,64,19.84,1610612762,True,Johnny Juzang,24.0,3,,,,,
1630549,2024-25,7.94,1.82,6.6,50,18.14,1610612751,True,Day'Ron Sharpe,23.0,4,,,,,
1630550,2024-25,3.55,0.3,2.4,40,12.48,0,True,JT Thor,22.0,4,,,,,
1630551,2024-25,8.77,0.97,5.66,62,21.63,1610612764,True,Justin Champagnie,23.0,4,,,,,
1630552,2024-25,18.89,5.03,9.97,36,35.67,1610612737,True,Jalen Johnson,23.0,4,,,,,
1630553,2024-25,10.62,2.22,3.76,79,24.37,1610612751,True,Keon Johnson,23.0,4,,,,,
1630556,2024-25,4.2,1.05,2.88,40,15.2,1610612742,True,Kessler Edwards,24.0,4,,,,,
1630557,2024-25,11.56,1.69,2.97,61,26.26,1610612764,True,Corey Kispert,26.0,4,,,,,
1630558,2024-25,7.95,4.91,2.26,148,27.39,0,True,Davion Mitchell,26.0,4,,,,,
1630559,2024-25,20.21,5.77,4.51,73,34.93,1610612747,True,Austin Reaves,26.0,4,,,,,
1630560,2024-25,23.96,3.76,3.32,25,31.24,1610612751,True,Cam Thomas,23.0,4,,,,,
1630561,2024-25,2.67,0.67,0.83,6,5.67,1610612759,True,David Duke Jr.,25.0,4,,,,,
1630567,2024-25,19.26,5.82,7.72,65,32.83,1610612761,True,Scottie Barnes,23.0,4,,,,,
1630568,2024-25,3.54,0.28,1.38,39,5.62,1610612750,True,Luka Garza,26.0,4,,,,,
1630570,2024-25,10.23,2.61,3.64,44,20.75,1610612751,True,Trendon Watford,24.0,4,,,,,
1630572,2024-25,6.31,0.79,3.07,61,11.16,1610612759,True,Sandro Mamukelashvili,25.0,4,,,,,
1630573,2024-25,8.52,0.9,3.15,71,21.7,1610612738,True,Sam Hauser,27.0,4,,,,,
1630574,2024-25,1.92,0.44,2.04,25,8.68,1610612752,True,Ariel Hukporti,23.0,1,,,,,
1630577,2024-25,9.94,1.35,3.88,82,23.56,1610612759,True,Julian Champagnie,23.0,3,,,,,
1630578,2024-25,19.09,4.89,10.34,76,31.51,1610612745,True,Alperen Sengun,22.0,4,,,,,
1630579,2024-25,1.85,0.62,3.72,106,11.92,0,True,Jericho Sims,26.0,4,,,,,
1630581,2024-25,14.6,7.19,8.09,70,30.24,1610612741,True,Josh Giddey,22.0,4,,,,,
1630583,2024-25,12.48,2.89,6.4,65,25.54,1610612763,True,Santi Aldama,24.0,4,,,,,
1630585,2024-25,7.0,3.25,1.5,4,19.75,1610612766,True,Marcus Garrett,26.0,2,,,,,
1630590,2024-25,9.86,4.39,3.28,79,21.3,1610612763,True,Scotty Pippen Jr.,24.0,3,,,,,
1630591,2024-25,16.2,3.69,4.03,35,28.63,1610612753,True,Jalen Suggs,23.0,4,,,,,
1630592,2024-25,9.48,1.84,3.42,79,25.71,1610612751,True,Jalen Wilson,24.0,2,,,,,
1630595,2024-25,26.14,9.11,6.07,70,35.03,1610612765,True,Cade Cunningham,23.0,4,,,,,
1630596,2024-25,18.54,3.18,9.28,71,30.52,1610612739,True,Evan Mobley,23.0,4,,,,,
1630598,2024-25,12.03,1.76,3.88,76,22.95,1610612760,True,Aaron Wiggins,26.0,4,,,,,
1630604,2024-25,1.75,0.25,0.75,12,4.42,1610612741,True,E.J. Liddell,24.0,2,,,,,
1630611,2024-25,4.05,1.43,3.07,56,13.61,1610612744,True,Gui Santos,22.0,2,,,,,
1630618,2024-25,0.75,0.75,1.0,4,8.25,1610612761,True,D.J. Carton,24.0,2,,,,,
1630623,2024-25,7.86,1.71,1.29,7,21.57,1610612751,True,Tyson Etienne,25.0,1,,,,,
1630625,2024-25,8.34,2.39,2.01,67,16.72,1610612757,True,Dalano Banton,25.0,4,,,,,
1630631,2024-25,10.34,4.62,2.43,56,24.39,1610612740,True,Jose Alvarado,27.0,4,,,,,
1630639,2024-25,9.08,1.19,3.31,26,18.69,1610612761,True,A.J. Lawson,24.0,3,,,,,
1630643,2024-25,6.86,0.59,2.02,64,11.69,1610612763,True,Jay Huff,27.0,4,,,,,
1630644,2024-25,0.0,1.5,0.5,2,5.0,1610612753,True,Mac McClung,26.0,3,,,,,
1630649,2024-25,0.68,0.18,0.77,22,3.91,1610612749,True,Stanley Umude,26.0,3,,,,,
1630658,2024-25,4.73,1.08,4.69,52,16.62,0,True,Colin Castleton,24.0,2,,,,,
1630678,2024-25,0.0,0.67,0.33,3,2.0,1610612758,True,Terry Taylor,25.0,4,,,,,
1630692,2024-25,5.55,1.45,3.86,29,18.72,1610612747,True,Jordan Goodwin,26.0,4,,,,,
1630695,2024-25,4.26,0.82,4.32,38,18.55,1610612762,True,Micah Potter,27.0,4,,,,,
1630696,2024-25,6.21,1.64,2.57,14,19.14,1610612748,True,Dru Smith,27.0,3,,,,,
1630699,2024-25,2.26,0.31,1.26,70,4.46,0,True,MarJon Beauchamp,24.0,3,,,,,
1630700,2024-25,14.12,4.38,5.91,76,33.83,1610612737,True,Dyson Daniels,22.0,3,,,,,
1630702,2024-25,8.7,1.42,1.56,57,15.91,1610612742,True,Jaden Hardy,22.0,3,,,,,
1630703,2024-25,12.68,5.08,3.0,66,26.65,1610612757,True,Scoot Henderson,21.0,2,,,,,
1630762,2024-25,1.6,0.4,1.6,5,8.8,1610612755,True,Phillip Wheeler,22.0,1,,,,,
1630811,2024-25,5.42,2.61,1.61,31,16.16,1610612737,True,Keaton Wallace,26.0,1,,,,,
1631093,2024-25,17.6,3.97,4.13,30,29.93,1610612765,True,Jaden Ivey,23.0,3,,,,,
1631094,2024-25,25.89,4.76,7.5,46,34.39,1610612753,True,Paolo Banchero,22.0,3,,,,,
1631095,2024-25,12.25,1.05,7.0,57,30.11,1610612745,True,Jabari Smith Jr.,21.0,3,,,,,
1631096,2024-25,14.97,1.97,8.03,32,27.41,1610612760,True,Chet Holmgren,23.0,2,,,,,
1631097,2024-25,16.06,1.89,5.32,72,29.85,1610612754,True,Bennedict Mathurin,22.0,3,,,,,
1631098,2024-25,2.35,0.32,1.12,34,7.12,1610612764,True,Johnny Davis,22.0,3,,,,,
1631099,2024-25,12.39,1.43,6.67,76,34.34,1610612758,True,Keegan Murray,24.0,3,,,,,
1631101,2024-25,18.54,2.75,4.5,72,31.28,1610612757,True,Shaedon Sharpe,21.0,3,,,,,
1631102,2024-25,2.19,1.0,0.81,16,7.38,1610612756,True,TyTy Washington Jr.,23.0,3,,,,,
1631103,2024-25,5.0,0.81,1.09,47,9.09,1610612759,True,Malaki Branham,21.0,3,,,,,
1631104,2024-25,3.74,1.97,1.05,58,11.78,1610612759,True,Blake Wesley,22.0,3,,,,,
1631105,2024-25,11.77,2.68,10.35,78,26.08,1610612765,True,Jalen Duren,21.0,3,,,,,
1631106,2024-25,12.04,1.46,6.35,57,24.91,1610612745,True,Tari Eason,23.0,3,,,,,
1631107,2024-25,10.74,2.85,3.91,46,25.13,1610612748,True,Nikola Jović,21.0,3,,,,,
1631108,2024-25,9.6,1.87,3.31,156,27.27,0,True,Max Christie,22.0,3,,,,,
1631109,2024-25,15.25,2.48,10.16,44,26.61,1610612766,True,Mark Williams,23.0,3,,,,,
1631110,2024-25,11.43,2.37,6.52,54,25.26,1610612759,True,Jeremy Sochan,21.0,3,,,,,
1631111,2024-25,4.17,1.17,2.64,72,13.86,0,True,Wendell Moore Jr.,23.0,3,,,,,
1631114,2024-25,21.59,5.13,5.35,69,32.42,1610612760,True,Jalen Williams,24.0,3,,,,,
1631115,2024-25,6.89,1.75,5.0,88,17.5,0,True,Orlando Robinson,24.0,3,,,,,
1631116,2024-25,2.21,0.12,1.04,48,4.46,0,True,Patrick Baldwin Jr.,22.0,3,,,,,
1631117,2024-25,11.05,1.67,12.19,58,30.0,1610612762,True,Walker Kessler,23.0,3,,,,,
1631119,2024-25,5.91,2.55,5.57,47,16.68,1610612760,True,Jaylin Williams,22.0,3,,,,,
1631120,2024-25,2.06,0.81,0.81,16,5.81,1610612738,True,JD Davison,22.0,3,,,,,
1631121,2024-25,1.0,0.15,0.23,13,2.46,1610612757,True,Bryce McGowens,22.0,3,,,,,
1631123,2024-25,3.4,2.0,1.0,5,12.4,1610612749,True,Jamaree Bouyea,25.0,3,,,,,
1631124,2024-25,9.05,1.28,2.18,65,21.29,1610612743,True,Julian Strawther,23.0,2,,,,,
1631127,2024-25,0.8,0.6,1.8,5,7.0,1610612759,True,Harrison Ingram,22.0,1,,,,,
1631128,2024-25,15.42,2.59,5.19,79,33.86,1610612743,True,Christian Braun,24.0,3,,,,,
1631131,2024-25,7.64,0.64,8.71,14,18.21,1610612762,True,Oscar Tshiebwe,25.0,2,,,,,
1631132,2024-25,2.43,0.43,2.49,37,9.24,1610612747,True,Christian Koloko,24.0,2,,,,,
1631133,2024-25,5.22,0.62,3.52,60,12.48,1610612757,True,Jabari Walker,22.0,3,,,,,
1631157,2024-25,6.23,1.86,1.93,56,14.64,1610612749,True,Ryan Rollins,22.0,3,,,,,
1631159,2024-25,1.54,0.0,0.85,13,2.46,1610612750,True,Leonard Miller,21.0,2,,,,,
1631165,2024-25,8.32,1.5,2.65,80,24.35,1610612758,True,Keon Ellis,25.0,3,,,,,
1631166,2024-25,12.11,2.22,7.22,9,28.22,1610612751,True,Drew Timme,24.0,1,,,,,
1631169,2024-25,2.59,0.39,1.02,46,6.0,1610612750,True,Josh Minott,22.0,3,,,,,
1631170,2024-25,8.64,2.52,4.39,66,20.73,1610612748,True,Jaime Jaquez Jr.,24.0,2,,,,,
1631172,2024-25,3.84,0.84,2.19,37,10.95,1610612760,True,Ousmane Dieng,21.0,3,,,,,
1631197,2024-25,8.43,1.14,3.0,28,16.18,0,True,Jared Rhoden,25.0,3,,,,,
1631199,2024-25,4.0,2.0,7.0,1,17.0,1610612765,True,Ron Harper Jr.,25.0,3,,,,,
1631200,2024-25,4.16,0.99,2.64,69,15.07,1610612757,True,Kris Murray,24.0,2,,,,,
1631204,2024-25,6.58,2.33,1.21,57,14.23,1610612765,True,Marcus Sasser,24.0,2,,,,,
1631207,2024-25,4.47,1.33,1.7,73,13.52,1610612741,True,Dalen Terry,22.0,3,,,,,
1631209,2024-25,6.0,1.4,1.6,20,13.3,1610612766,True,Isaiah Wong,24.0,2,,,,,
1631210,2024-25,1.35,0.35,0.88,34,4.44,0,True,Jacob Toppin,24.0,2,,,,,
1631212,2024-25,8.1,1.38,3.43,68,24.35,1610612743,True,Peyton Watson,22.0,3,,,,,
1631213,2024-25,8.72,2.03,3.65,60,21.92,1610612751,True,Tyrese Martin,26.0,2,,,,,
1631214,2024-25,5.0,1.0,0.0,1,4.0,1610612765,True,Alondes Williams,25.0,3,,,,,
1631216,2024-25,4.12,0.6,1.29,58,13.59,1610612753,True,Caleb Houstan,22.0,3,,,,,
1631217,2024-25,5.68,0.79,6.17,71,17.48,1610612766,True,Moussa Diabaté,23.0,3,,,,,
1631218,2024-25,6.56,1.68,5.02,62,15.6,1610612744,True,Trayce Jackson-Davis,25.0,2,,,,,
1631221,2024-25,5.88,2.36,2.36,33,13.97,1610612756,True,Collin Gillespie,25.0,2,,,,,
1631222,2024-25,6.94,2.39,3.92,132,20.44,0,True,Jake LaRavia,23.0,3,,,,,
1631223,2024-25,4.64,1.06,2.55,66,12.42,0,True,David Roddy,24.0,3,,,,,
1631230,2024-25,4.23,0.54,2.43,35,10.71,1610612737,True,Dominick Barlow,21.0,3,,,,,
1631232,2024-25,10.14,0.93,4.14,14,23.71,1610612740,True,Keion Brooks Jr.,24.0,1,,,,,
1631243,2024-25,5.97,0.82,4.21,33,16.15,1610612737,True,Mouhamed Gueye,22.0,2,,,,,
1631245,2024-25,5.79,1.89,1.57,28,13.61,1610612754,True,Quenton Jackson,26.0,3,,,,,
1631246,2024-25,6.63,2.04,3.63,27,18.48,1610612763,True,Vince Williams Jr.,24.0,3,,,,,
1631247,2024-25,1.0,0.67,1.67,12,7.33,1610612739,True,Luke Travers,23.0,1,,,,,
1631248,2024-25,3.65,1.06,2.1,31,12.39,1610612738,True,Baylor Scheierman,24.0,1,,,,,
1631250,2024-25,2.92,0.77,1.62,26,10.62,0,True,Pete Nance,25.0,2,,,,,
1631255,2024-25,7.74,1.1,4.98,42,18.83,1610612740,True,Karlo Matković,24.0,1,,,,,
1631260,2024-25,7.41,1.48,2.38,73,22.73,1610612749,True,AJ Green,25.0,3,,,,,
1631288,2024-25,5.3,0.59,2.3,37,13.57,1610612740,True,Jamal Cain,26.0,3,,,,,
1631303,2024-25,0.95,0.37,0.53,19,5.32,1610612757,True,Justin Minaya,26.0,3,,,,,
1631306,2024-25,5.9,0.3,2.7,20,16.95,0,True,Cole Swider,25.0,3,,,,,
1631311,2024-25,6.62,1.85,1.46,26,14.08,0,True,Lester Quinones,24.0,3,,,,,
1631321,2024-25,1.45,0.68,0.95,44,5.18,0,True,Sidy Cissoko,21.0,2,,,,,
1631323,2024-25,5.95,0.87,2.87,75,16.49,1610612765,True,Simone Fontecchio,29.0,3,,,,,
1631342,2024-25,7.17,0.33,1.83,6,12.0,1610612737,True,Daeqwon Plowden,26.0,1,,,,,
1631386,2024-25,3.0,0.5,4.0,2,10.0,1610612757,True,Tazé Moore,26.0,2,,,,,
1631466,2024-25,3.25,0.45,0.65,20,7.35,1610612745,True,Nate Williams,26.0,3,,,,,
1641705,2024-25,24.26,3.65,11.0,46,33.2,1610612759,True,Victor Wembanyama,21.0,2,,,,,
1641706,2024-25,21.04,3.63,4.85,27,34.22,1610612766,True,Brandon Miller,22.0,2,,,,,
1641707,2024-25,4.67,0.67,5.0,3,25.0,1610612762,True,Taylor Hendricks,21.0,2,,,,,
1641708,2024-25,14.06,3.84,8.17,69,32.25,1610612745,True,Amen Thompson,22.0,2,,,,,
1641709,2024-25,10.07,2.27,5.14,59,22.51,1610612765,True,Ausar Thompson,22.0,2,,,,,
1641710,2024-25,9.44,3.08,2.95,78,24.19,1610612753,True,Anthony Black,21.0,2,,,,,
1641711,2024-25,14.39,1.81,3.57,54,29.39,1610612761,True,Gradey Dick,21.0,2,,,,,
1641712,2024-25,2.98,0.48,1.35,52,8.85,1610612757,True,Rayan Rupert,20.0,2,,,,,
1641713,2024-25,7.21,1.0,3.17,29,15.83,1610612763,True,GG Jackson,20.0,2,,,,,
1641715,2024-25,9.35,0.96,2.96,51,16.22,1610612745,True,Cam Whitmore,20.0,2,,,,,
1641716,2024-25,6.15,1.47,3.05,75,15.83,1610612754,True,Jarace Walker,21.0,2,,,,,
1641717,2024-25,8.35,2.54,3.37,68,27.59,1610612760,True,Cason Wallace,21.0,2,,,,,
1641718,2024-25,16.79,5.63,3.78,67,31.46,1610612762,True,Keyonte George,21.0,2,,,,,
1641720,2024-25,7.07,2.47,1.8,30,21.0,0,True,Jalen Hood-Schifino,21.0,2,,,,,
1641721,2024-25,4.14,0.68,1.96,56,11.7,0,True,Maxwell Lewis,22.0,2,,,,,
1641722,2024-25,10.79,1.18,2.82,56,23.57,1610612740,True,Jordan Hawkins,22.0,2,,,,,
1641723,2024-25,5.3,1.7,2.1,10,12.4,1610612737,True,Kobe Bufkin,21.0,2,,,,,
1641724,2024-25,4.45,0.73,1.17,60,11.68,1610612753,True,Jett Howard,21.0,2,,,,,
1641725,2024-25,1.33,0.46,0.5,24,4.88,1610612743,True,Trey Alexander,21.0,1,,,,,
1641726,2024-25,8.72,2.36,7.5,36,23.14,1610612742,True,Dereck Lively II,21.0,2,,,,,
1641727,2024-25,5.7,0.6,1.45,20,12.3,1610612751,True,Dariq Whitehead,20.0,2,,,,,
1641729,2024-25,10.87,1.55,2.96,71,20.17,1610612762,True,Brice Sensabaugh,21.0,2,,,,,
1641730,2024-25,9.13,0.87,3.93,46,22.65,1610612751,True,Noah Clowney,20.0,2,,,,,
1641731,2024-25,12.32,3.37,4.98,59,33.02,1610612764,True,Bilal Coulibaly,20.0,2,,,,,
1641732,2024-25,4.03,1.13,2.23,78,13.21,0,True,Colby Jones,22.0,2,,,,,
1641733,2024-25,9.85,2.42,2.13,60,22.82,1610612766,True,Nick Smith Jr.,21.0,2,,,,,
1641734,2024-25,3.7,0.8,0.7,10,7.5,1610612739,True,Emoni Bates,21.0,2,,,,,
1641736,2024-25,2.58,1.75,1.08,72,13.03,0,True,Reece Beekman,23.0,1,,,,,
1641737,2024-25,5.81,0.47,4.22,58,15.6,1610612755,True,Adem Bona,22.0,1,,,,,
1641738,2024-25,1.92,0.6,1.62,40,6.8,1610612746,True,Kobe Brown,25.0,2,,,,,
1641739,2024-25,11.31,2.24,5.77,78,32.67,1610612757,True,Toumani Camara,24.0,2,,,,,
1641740,2024-25,4.08,0.65,1.32,40,13.05,1610612750,True,Jaylen Clark,23.0,1,,,,,
1641741,2024-25,7.29,1.33,2.93,73,17.12,1610612755,True,Ricky Council IV,23.0,2,,,,,
1641744,2024-25,9.24,0.98,8.3,66,21.45,1610612763,True,Zach Edey,22.0,1,,,,,
1641745,2024-25,1.76,0.32,0.73,37,5.49,1610612760,True,Adam Flagler,25.0,2,,,,,
1641748,2024-25,3.43,1.24,2.72,67,14.63,1610612749,True,Andre Jackson Jr.,23.0,2,,,,,
1641752,2024-25,1.88,0.88,0.88,8,5.25,1610612765,True,Bobi Klintman,22.0,1,,,,,
1641753,2024-25,1.43,0.24,1.67,21,5.05,1610612749,True,Chris Livingston,21.0,2,,,,,
1641754,2023-24,1.56,0.0,0.78,9,5.78,1610612737,True,Seth Lundy,24.0,1,,,,,
1641755,2024-25,1.5,0.5,2.0,4,7.25,1610612752,True,Kevin McCullar Jr.,24.0,1,,,,,
1641757,2024-25,4.11,0.92,1.57,37,11.35,1610612746,True,Jordan Miller,25.0,2,,,,,
1641763,2024-25,4.63,0.49,2.14,79,14.22,1610612741,True,Julian Phillips,21.0,2,,,,,
1641764,2024-25,11.67,3.44,5.08,64,26.81,1610612744,True,Brandin Podziemski,22.0,2,,,,,
1641765,2024-25,3.87,0.77,2.42,52,11.23,1610612742,True,Olivier-Maxence Prosper,22.0,2,,,,,
1641766,2024-25,2.0,0.25,1.5,4,5.5,1610612741,True,Adama Sanogo,23.0,2,,,,,
1641767,2024-25,5.27,1.35,2.81,63,19.52,1610612754,True,Ben Sheppard,23.0,2,,,,,
1641772,2024-25,7.2,0.4,4.2,5,12.6,1610612739,True,Nae'Qwan Tomlin,24.0,1,,,,,
1641774,2024-25,9.43,1.11,3.71,35,14.66,1610612764,True,Tristan Vukcevic,22.0,2,,,,,
1641775,2024-25,1.58,0.37,1.33,52,7.75,1610612738,True,Jordan Walsh,21.0,2,,,,,
1641779,2024-25,1.12,0.0,0.5,8,3.75,1610612756,True,Jalen Bridges,23.0,1,,,,,
1641787,2024-25,9.54,1.96,4.29,28,23.75,1610612751,True,Tosan Evbuomwan,24.0,2,,,,,
1641789,2024-25,1.5,0.38,0.31,16,3.56,1610612742,True,Jazian Gortman,22.0,1,,,,,
1641790,2024-25,1.74,0.21,1.16,19,3.47,1610612743,True,PJ Hall,23.0,1,,,,,
1641794,2024-25,2.5,1.07,2.24,54,10.22,1610612760,True,Dillon Jones,23.0,1,,,,,
1641796,2024-25,4.56,1.18,1.67,55,14.22,1610612748,True,Pelle Larsson,24.0,1,,,,,
1641798,2024-25,4.88,1.06,2.75,32,14.94,0,True,Jaylen Martin,21.0,1,,,,,
1641801,2024-25,1.67,0.33,1.33,6,4.17,1610612741,True,Emanuel Miller,24.0,1,,,,,
1641803,2024-25,0.38,0.25,0.5,16,2.0,0,True,Tristen Newton,23.0,1,,,,,
1641809,2024-25,2.16,0.52,1.6,25,7.44,1610612738,True,Drew Peterson,25.0,2,,,,,
1641810,2024-25,6.93,0.89,1.43,44,15.0,1610612740,True,Antonio Reeves,22.0,1,,,,,
1641815,2024-25,0.0,0.0,0.67,3,2.0,1610612748,True,Isaiah Stevens,24.0,1,,,,,
1641816,2024-25,2.63,0.39,1.53,51,7.84,1610612743,True,Hunter Tyson,24.0,2,,,,,
1641817,2024-25,0.89,0.22,0.33,9,2.44,1610612752,True,Anton Watson,24.0,1,,,,,
1641824,2024-25,8.6,0.99,3.48,80,18.89,1610612741,True,Matas Buzelis,20.0,1,,,,,
1641842,2024-25,6.44,1.01,2.69,81,15.63,1610612765,True,Ronald Holland II,19.0,1,,,,,
1641854,2024-25,3.69,1.39,1.31,51,10.06,1610612739,True,Craig Porter Jr.,25.0,2,,,,,
1641857,2024-25,0.69,0.15,0.92,13,4.38,1610612749,True,Liam Robbins,25.0,1,,,,,
1641871,2024-25,4.22,0.57,2.0,46,10.2,1610612757,True,Duop Reath,28.0,2,,,,,
1641878,2024-25,7.27,3.73,3.33,15,24.67,1610612766,True,Damion Baugh,24.0,1,,,,,
1641879,2024-25,1.0,2.0,1.5,2,8.0,1610612744,True,Yuri Collins,23.0,1,,,,,
1641890,2024-25,2.91,0.17,1.09,23,5.3,1610612749,True,Tyler Smith,20.0,1,,,,,
1641936,2024-25,2.33,0.0,3.0,3,11.67,1610612738,True,Miles Norris,25.0,1,,,,,
1641989,2024-25,3.2,0.8,2.1,10,13.8,1610612762,True,Elijah Harkless,25.0,1,,,,,
1641998,2024-25,2.5,0.42,2.76,76,10.32,0,True,Trey Jemison III,25.0,2,,,,,
1642024,2024-25,5.07,0.27,3.13,30,14.4,0,True,Alex Reese,25.0,1,,,,,
1642050,2024-25,3.67,0.67,1.83,6,8.67,1610612744,True,Jackson Rowe,28.0,1,,,,,
1642258,2024-25,12.56,1.23,3.57,75,24.57,1610612737,True,Zaccharie Risacher,20.0,1,,,,,
1642259,2024-25,12.97,2.4,6.49,67,27.07,1610612764,True,Alex Sarr,19.0,1,,,,,
1642261,2024-25,9.05,0.85,2.77,78,19.15,1610612747,True,Dalton Knecht,24.0,1,,,,,
1642262,2024-25,4.6,1.18,2.26,50,21.2,1610612762,True,Cody Williams,20.0,1,,,,,
1642263,2024-25,4.4,1.44,1.5,52,12.58,1610612745,True,Reed Sheppard,20.0,1,,,,,
1642264,2024-25,14.69,4.1,3.67,81,26.69,1610612759,True,Stephon Castle,20.0,1,,,,,
1642265,2024-25,4.47,2.0,1.02,49,10.53,1610612750,True,Rob Dillingham,20.0,1,,,,,
1642266,2024-25,8.63,1.56,3.08,52,21.21,1610612761,True,Ja'Kobe Walter,20.0,1,,,,,
1642267,2024-25,9.84,4.44,4.16,82,29.98,1610612764,True,Bub Carrington,19.0,1,,,,,
1642268,2024-25,8.66,6.28,3.31,71,25.9,1610612762,True,Isaiah Collier,20.0,1,,,,,
1642269,2024-25,3.83,1.14,2.11,36,11.0,1610612758,True,Devin Carter,23.0,1,,,,,
1642270,2024-25,6.51,1.15,7.87,67,19.76,1610612757,True,Donovan Clingan,21.0,1,,,,,
1642271,2024-25,9.58,1.94,6.11,72,21.14,1610612762,True,Kyle Filipowski,21.0,1,,,,,
1642272,2024-25,15.3,2.61,2.43,23,25.74,1610612755,True,Jared McCain,21.0,1,,,,,
1642273,2024-25,8.68,2.49,4.19,68,26.5,1610612764,True,Kyshawn George,21.0,1,,,,,
1642274,2024-25,9.11,1.36,8.23,73,26.79,1610612740,True,Yves Missi,20.0,1,,,,,
1642275,2024-25,5.88,1.23,4.67,60,20.73,1610612766,True,Tidjane Salaün,19.0,1,,,,,
1642276,2024-25,9.3,0.94,7.39,64,22.22,1610612748,True,Kel'el Ware,21.0,1,,,,,
1642277,2024-25,2.06,0.38,1.42,50,7.58,1610612754,True,Johnny Furphy,20.0,1,,,,,
1642278,2024-25,1.98,1.71,0.66,41,7.22,1610612752,True,Tyler Kolek,24.0,1,,,,,
1642279,2024-25,0.71,0.29,1.14,7,4.57,1610612761,True,Ulrich Chomche,19.0,1,,,,,
1642280,2024-25,1.83,0.0,0.67,6,4.5,1610612746,True,Trentyn Flowers,20.0,1,,,,,
1642281,2024-25,3.55,0.94,2.04,47,9.64,1610612739,True,Jaylon Tyson,22.0,1,,,,,
1642285,2024-25,4.24,1.36,1.2,25,10.08,1610612763,True,Cam Spencer,25.0,1,,,,,
1642345,2024-25,4.18,1.16,3.64,61,17.15,1610612756,True,Oso Ighodaro,22.0,1,,,,,
1642346,2024-25,6.91,0.77,3.61,74,19.05,1610612756,True,Ryan Dunn,22.0,1,,,,,
1642347,2024-25,7.11,4.21,1.53,75,19.56,1610612761,True,Jamal Shead,22.0,1,,,,,
1642348,2024-25,10.11,1.57,3.36,44,26.25,1610612755,True,Justin Edwards,21.0,1,,,,,
1642349,2024-25,6.5,1.78,1.89,36,16.58,1610612760,True,Ajay Mitchell,22.0,1,,,,,
1642352,2024-25,2.69,0.25,1.75,16,6.12,1610612748,True,Keshad Johnson,23.0,1,,,,,
1642353,2024-25,1.38,0.46,0.92,13,4.54,1610612746,True,Cam Christie,19.0,1,,,,,
1642354,2024-25,7.83,3.11,3.03,36,23.39,1610612766,True,KJ Simpson,22.0,1,,,,,
1642355,2024-25,2.3,0.81,0.67,27,6.7,1610612747,True,Bronny James,20.0,1,,,,,
1642358,2024-25,7.59,2.62,2.03,58,22.02,0,True,AJ Johnson,20.0,1,,,,,
1642359,2024-25,1.67,0.28,1.0,18,6.17,1610612752,True,Pacome Dadiet,19.0,1,,,,,
1642366,2024-25,8.1,1.33,3.52,42,16.33,1610612744,True,Quinten Post,25.0,1,,,,,
1642367,2024-25,6.17,2.32,4.94,63,20.41,1610612761,True,Jonathan Mogbo,23.0,1,,,,,
1642368,2024-25,6.0,0.5,5.25,4,12.75,1610612745,True,N'Faly Dante,23.0,1,,,,,
1642377,2024-25,10.42,1.71,3.39,79,25.87,1610612763,True,Jaylen Wells,21.0,1,,,,,
1642382,2024-25,3.81,0.44,1.69,32,7.69,1610612760,True,Branden Carlson,25.0,1,,,,,
1642384,2024-25,0.87,0.07,0.53,15,3.07,1610612758,True,Isaiah Crawford,23.0,1,,,,,
1642385,2024-25,0.6,0.0,0.4,5,2.0,1610612751,True,Cui Yongxi,21.0,1,,,,,
1642389,2024-25,0.0,0.0,0.0,3,1.0,1610612763,True,Zyon Pullin,24.0,1,,,,,
1642399,2024-25,0.0,0.5,0.0,2,2.5,1610612750,True,Jesse Edwards,25.0,1,,,,,
1642402,2024-25,2.09,0.41,1.36,22,8.23,1610612754,True,Enrique Freeman,24.0,1,,,,,
1642403,2024-25,3.35,0.3,1.42,40,7.6,1610612758,True,Isaac Jones,24.0,1,,,,,
1642419,2024-25,7.1,0.9,2.68,59,17.66,1610612761,True,Jamison Battle,23.0,1,,,,,
1642422,2024-25,1.56,0.11,1.67,9,7.44,1610612747,True,Armel Traoré,22.0,1,,,,,
1642434,2024-25,0.0,0.0,2.0,1,7.0,1610612759,True,Riley Minix,24.0,1,,,,,
1642439,2024-25,1.5,0.5,0.0,2,5.0,1610612747,True,Quincy Olivari,23.0,1,,,,,
1642443,2024-25,1.83,1.0,0.5,6,5.0,1610612741,True,Jahmir Young,24.0,1,,,,,
1642449,2024-25,14.0,0.0,8.0,1,22.0,1610612765,True,Tolu Smith,24.0,1,,,,,
1642450,2024-25,1.0,0.43,0.29,7,3.29,1610612765,True,Daniss Jenkins,23.0,1,,,,,
1642461,2024-25,1.3,0.25,0.85,20,6.25,1610612743,True,Spencer Jones,23.0,1,,,,,
1642484,2024-25,2.73,1.27,1.09,11,6.36,1610612754,True,RayJ Dennis,24.0,1,,,,,
1642502,2024-25,0.33,0.17,0.5,6,3.5,1610612760,True,Malevy Leons,25.0,1,,,,,
1642505,2024-25,1.71,0.24,1.24,21,5.95,1610612760,True,Alex Ducas,24.0,1,,,,,
1642530,2024-25,1.64,0.86,0.55,22,4.23,1610612763,True,Yuki Kawamura,23.0,1,,,,,
