PLAYER_ID,PLAYER_NAME,SEASON_NUM,PLAYER_AGE,PRED_PTS,PRED_AST,PRED_REB,PRED_GP,PRED_MIN,SEASON_ID
2544,LeBron James,23,41.0,24.08,7.64,7.7,65.0,34.84,2025-2026
101108,Chris Paul,21,40.0,7.23,5.97,2.52,86.0,24.93,2025-2026
200768,Kyle Lowry,20,40.0,3.33,2.65,1.39,53.0,13.46,2025-2026
200782,P.J. Tucker,15,41.0,2.48,0.32,2.85,38.0,14.88,2025-2026
201142,Kevin Durant,18,37.0,23.33,4.16,5.7,64.0,35.33,2025-2026
201143,Al Horford,19,39.0,6.22,1.38,4.44,60.0,21.38,2025-2026
201144,Mike Conley,19,38.0,6.46,3.42,2.18,58.0,19.2,2025-2026
201145,Jeff Green,18,39.0,4.62,0.51,1.71,39.0,12.26,2025-2026
201566,Russell Westbrook,18,37.0,11.54,5.79,4.2,66.0,23.81,2025-2026
201567,Kevin Love,18,37.0,4.73,0.86,3.57,39.0,11.4,2025-2026
201569,Eric Gordon,18,37.0,4.74,1.54,1.09,37.0,13.53,2025-2026
201572,Brook Lopez,18,38.0,9.57,1.41,4.26,74.0,24.66,2025-2026
201587,Nicolas Batum,18,37.0,3.16,0.89,2.13,36.0,13.21,2025-2026
201599,DeAndre Jordan,18,37.0,3.02,0.8,4.05,46.0,13.0,2025-2026
201935,James Harden,17,36.0,21.74,7.95,5.41,70.0,34.78,2025-2026
201939,Stephen Curry,17,38.0,24.69,6.01,4.21,61.0,31.99,2025-2026
201942,DeMar DeRozan,17,36.0,18.24,3.83,3.48,83.0,32.34,2025-2026
201949,James Johnson,17,39.0,2.04,0.8,1.12,13.0,11.55,2025-2026
201950,Jrue Holiday,17,35.0,8.94,2.95,3.79,56.0,26.98,2025-2026
201959,Taj Gibson,17,40.0,2.51,0.48,2.49,44.0,9.79,2025-2026
201988,Patty Mills,17,37.0,4.31,1.18,0.98,45.0,12.41,2025-2026
202066,Garrett Temple,16,39.0,2.79,1.23,1.24,28.0,8.94,2025-2026
202331,Paul George,16,35.0,13.35,3.56,4.94,60.0,29.6,2025-2026
202681,Kyrie Irving,15,34.0,22.87,4.39,4.6,67.0,34.54,2025-2026
202684,Tristan Thompson,14,35.0,1.89,0.59,3.65,46.0,9.5,2025-2026
202685,Jonas Valančiūnas,14,33.0,8.6,1.86,6.01,69.0,14.26,2025-2026
202687,Bismack Biyombo,15,33.0,4.03,0.73,4.14,44.0,14.66,2025-2026
202691,Klay Thompson,13,36.0,11.3,1.61,2.91,68.0,22.69,2025-2026
202692,Alec Burks,15,34.0,5.99,0.91,1.98,52.0,15.31,2025-2026
202693,Markieff Morris,15,36.0,3.61,1.98,1.42,36.0,12.93,2025-2026
202695,Kawhi Leonard,14,34.0,20.99,2.77,6.55,65.0,31.71,2025-2026
202696,Nikola Vučević,15,35.0,15.95,3.15,8.89,67.0,30.47,2025-2026
202699,Tobias Harris,15,33.0,10.76,1.96,5.13,70.0,26.32,2025-2026
202704,Reggie Jackson,15,35.0,4.04,2.02,1.32,40.0,14.59,2025-2026
202709,Cory Joseph,15,34.0,3.23,2.1,1.35,46.0,14.87,2025-2026
202710,Jimmy Butler III,15,36.0,15.6,4.55,4.77,77.0,29.56,2025-2026
203076,Anthony Davis,14,33.0,22.75,3.46,10.5,81.0,33.61,2025-2026
203078,Bradley Beal,14,32.0,15.52,3.24,2.94,64.0,28.63,2025-2026
203081,Damian Lillard,14,35.0,24.09,6.66,4.44,63.0,34.49,2025-2026
203083,Andre Drummond,14,32.0,6.37,0.71,6.78,58.0,17.44,2025-2026
203084,Harrison Barnes,14,33.0,10.71,1.51,3.4,78.0,23.32,2025-2026
203109,Jae Crowder,14,35.0,3.17,0.57,2.63,25.0,10.77,2025-2026
203110,Draymond Green,14,36.0,7.31,4.8,4.8,65.0,24.53,2025-2026
203114,Khris Middleton,14,34.0,10.47,3.61,3.22,74.0,22.45,2025-2026
203458,Alex Len,13,32.0,2.32,1.05,2.88,18.0,10.77,2025-2026
203468,CJ McCollum,13,34.0,15.73,3.48,3.3,61.0,29.85,2025-2026
203471,Dennis Schröder,13,32.0,10.03,4.42,2.52,63.0,23.78,2025-2026
203482,Kelly Olynyk,13,35.0,7.1,2.5,4.27,55.0,18.03,2025-2026
203484,Kentavious Caldwell-Pope,13,33.0,6.85,1.23,2.0,67.0,22.25,2025-2026
203486,Mason Plumlee,13,36.0,3.12,1.37,4.93,52.0,14.17,2025-2026
203497,Rudy Gobert,13,33.0,10.89,1.75,8.84,78.0,28.22,2025-2026
203500,Steven Adams,12,32.0,3.44,0.82,3.87,50.0,13.16,2025-2026
203501,Tim Hardaway Jr.,13,34.0,7.34,1.26,1.93,63.0,21.46,2025-2026
203507,Giannis Antetokounmpo,13,31.0,28.16,6.23,11.81,62.0,33.79,2025-2026
203552,Seth Curry,12,35.0,5.11,0.82,1.48,58.0,14.58,2025-2026
203897,Zach LaVine,12,31.0,19.85,3.75,4.18,66.0,33.26,2025-2026
203901,Elfrid Payton,10,32.0,4.41,5.38,2.68,62.0,17.4,2025-2026
203903,Jordan Clarkson,12,33.0,12.38,3.5,2.65,59.0,24.72,2025-2026
203914,Gary Harris,12,31.0,3.3,0.7,1.48,46.0,15.78,2025-2026
203915,Spencer Dinwiddie,12,33.0,8.27,3.69,2.37,69.0,21.49,2025-2026
203924,Jerami Grant,12,32.0,11.2,1.82,2.82,62.0,26.48,2025-2026
203926,Doug McDermott,12,34.0,3.43,0.44,1.34,47.0,9.03,2025-2026
203932,Aaron Gordon,12,30.0,13.98,2.72,4.53,64.0,27.24,2025-2026
203935,Marcus Smart,12,32.0,7.43,3.07,1.95,70.0,19.19,2025-2026
203937,Kyle Anderson,12,32.0,4.9,2.05,2.74,44.0,14.94,2025-2026
203939,Dwight Powell,12,34.0,2.43,0.83,1.93,44.0,11.24,2025-2026
203944,Julius Randle,12,31.0,16.94,4.16,6.48,64.0,31.25,2025-2026
203952,Andrew Wiggins,12,31.0,15.46,2.39,3.89,70.0,26.95,2025-2026
203954,Joel Embiid,10,32.0,23.38,4.44,7.96,56.0,29.39,2025-2026
203957,Danté Exum,9,30.0,6.97,2.14,1.38,51.0,14.74,2025-2026
203991,Clint Capela,12,31.0,7.5,1.01,7.32,62.0,18.41,2025-2026
203992,Bogdan Bogdanović,9,33.0,7.68,2.41,2.4,55.0,19.73,2025-2026
203994,Jusuf Nurkić,12,31.0,6.65,1.7,6.37,70.0,19.54,2025-2026
203995,Vasilije Micić,3,32.0,5.58,2.86,1.92,76.0,17.75,2025-2026
203999,Nikola Jokić,11,31.0,25.37,9.12,11.88,66.0,36.41,2025-2026
204001,Kristaps Porziņģis,10,30.0,16.17,1.96,6.28,71.0,26.62,2025-2026
204060,Joe Ingles,12,38.0,2.02,1.32,0.85,33.0,9.72,2025-2026
204456,T.J. McConnell,11,34.0,7.47,3.65,1.98,67.0,18.52,2025-2026
1626143,Jahlil Okafor,8,30.0,2.71,1.76,2.54,28.0,8.64,2025-2026
1626145,Tyus Jones,11,29.0,8.81,4.44,2.24,74.0,23.94,2025-2026
1626153,Delon Wright,11,34.0,2.98,1.7,1.3,47.0,15.23,2025-2026
1626156,D'Angelo Russell,11,30.0,11.16,4.04,2.59,65.0,23.35,2025-2026
1626157,Karl-Anthony Towns,11,30.0,23.0,2.89,11.63,72.0,33.98,2025-2026
1626158,Richaun Holmes,11,32.0,6.43,0.89,4.91,64.0,16.31,2025-2026
1626162,Kelly Oubre Jr.,11,30.0,12.3,1.81,5.25,72.0,30.09,2025-2026
1626164,Devin Booker,11,29.0,24.5,6.92,3.8,67.0,35.53,2025-2026
1626166,Cameron Payne,11,31.0,6.53,2.82,1.46,63.0,17.84,2025-2026
1626167,Myles Turner,11,30.0,13.31,1.42,6.38,69.0,27.9,2025-2026
1626168,Trey Lyles,11,30.0,5.58,1.06,4.12,66.0,17.5,2025-2026
1626171,Bobby Portis,11,31.0,12.35,2.05,7.6,68.0,22.66,2025-2026
1626172,Kevon Looney,11,30.0,5.17,1.33,5.29,72.0,16.37,2025-2026
1626179,Terry Rozier,11,32.0,8.73,2.31,3.09,69.0,22.56,2025-2026
1626181,Norman Powell,11,32.0,15.38,2.04,2.6,66.0,29.32,2025-2026
1626192,Pat Connaughton,11,33.0,5.32,1.43,2.37,43.0,14.34,2025-2026
1626196,Josh Richardson,11,32.0,5.56,1.51,1.66,46.0,17.31,2025-2026
1626204,Larry Nance Jr.,11,33.0,6.86,1.19,3.58,59.0,17.23,2025-2026
1626220,Royce O'Neale,9,32.0,7.33,2.0,3.78,71.0,20.58,2025-2026
1627732,Ben Simmons,8,29.0,5.66,4.68,4.04,66.0,21.42,2025-2026
1627734,Domantas Sabonis,10,29.0,17.94,5.57,12.75,71.0,33.77,2025-2026
1627736,Malik Beasley,10,29.0,14.46,1.81,2.63,77.0,25.3,2025-2026
1627739,Kris Dunn,10,32.0,5.75,2.57,2.74,68.0,19.68,2025-2026
1627741,Buddy Hield,10,33.0,9.74,1.51,3.08,77.0,22.03,2025-2026
1627742,Brandon Ingram,10,28.0,19.18,4.16,5.29,57.0,31.19,2025-2026
1627746,Skal Labissiere,6,29.0,3.33,0.4,1.36,23.0,7.56,2025-2026
1627747,Caris LeVert,10,31.0,11.48,3.07,3.04,72.0,23.86,2025-2026
1627749,Dejounte Murray,9,29.0,14.48,4.73,6.36,67.0,27.68,2025-2026
1627750,Jamal Murray,9,29.0,19.86,5.79,3.78,72.0,34.61,2025-2026
1627751,Jakob Poeltl,10,30.0,13.69,2.47,9.18,66.0,30.26,2025-2026
1627752,Taurean Prince,10,32.0,7.52,1.73,2.91,72.0,22.39,2025-2026
1627759,Jaylen Brown,10,29.0,21.11,4.21,5.52,66.0,33.92,2025-2026
1627763,Malcolm Brogdon,10,33.0,10.59,3.12,3.05,58.0,23.34,2025-2026
1627777,Georges Niang,10,32.0,7.55,1.17,2.73,59.0,18.76,2025-2026
1627780,Gary Payton II,10,33.0,6.18,1.15,2.67,50.0,14.89,2025-2026
1627783,Pascal Siakam,10,32.0,18.55,3.08,6.46,74.0,31.85,2025-2026
1627814,Damion Lee,8,33.0,3.54,0.71,1.05,24.0,11.09,2025-2026
1627824,Guerschon Yabusele,4,30.0,8.98,1.73,4.81,71.0,23.39,2025-2026
1627827,Dorian Finney-Smith,10,32.0,6.19,1.13,3.11,62.0,18.09,2025-2026
1627832,Fred VanVleet,10,32.0,11.74,4.69,3.16,72.0,31.09,2025-2026
1627884,Derrick Jones Jr.,10,29.0,8.61,0.92,3.08,70.0,20.92,2025-2026
1627936,Alex Caruso,9,32.0,6.17,2.41,2.73,60.0,17.58,2025-2026
1628365,Markelle Fultz,9,27.0,4.17,1.85,1.31,37.0,11.18,2025-2026
1628366,Lonzo Ball,7,28.0,7.63,3.16,3.18,63.0,19.02,2025-2026
1628368,De'Aaron Fox,9,28.0,22.07,6.2,4.74,71.0,35.52,2025-2026
1628369,Jayson Tatum,9,28.0,27.43,6.25,9.02,69.0,35.95,2025-2026
1628370,Malik Monk,9,28.0,16.83,5.03,3.47,74.0,30.72,2025-2026
1628371,Jonathan Isaac,7,28.0,5.37,0.66,4.25,64.0,15.94,2025-2026
1628374,Lauri Markkanen,9,28.0,17.05,1.57,5.68,66.0,30.02,2025-2026
1628378,Donovan Mitchell,9,29.0,23.3,5.21,4.36,63.0,32.03,2025-2026
1628379,Luke Kennard,9,29.0,7.83,3.1,2.52,70.0,22.12,2025-2026
1628380,Zach Collins,8,28.0,6.38,1.69,4.08,62.0,15.58,2025-2026
1628381,John Collins,9,28.0,17.12,1.79,7.54,64.0,29.51,2025-2026
1628384,OG Anunoby,9,28.0,17.11,2.32,4.71,79.0,34.15,2025-2026
1628386,Jarrett Allen,9,28.0,12.63,1.82,9.16,80.0,29.02,2025-2026
1628389,Bam Adebayo,9,28.0,17.22,3.95,9.33,73.0,33.46,2025-2026
1628392,Isaiah Hartenstein,8,28.0,10.51,3.37,9.58,60.0,26.64,2025-2026
1628396,Tony Bradley,8,28.0,5.1,0.59,3.59,38.0,11.73,2025-2026
1628398,Kyle Kuzma,9,30.0,12.56,1.94,5.33,72.0,27.62,2025-2026
1628401,Derrick White,9,31.0,14.33,4.26,3.98,75.0,30.97,2025-2026
1628404,Josh Hart,9,31.0,11.18,4.86,7.99,73.0,34.72,2025-2026
1628408,PJ Dozier,8,29.0,3.43,1.15,1.43,30.0,12.33,2025-2026
1628415,Dillon Brooks,9,30.0,13.03,1.62,3.41,75.0,28.01,2025-2026
1628418,Thomas Bryant,9,28.0,7.05,0.84,3.96,62.0,14.35,2025-2026
1628420,Monté Morris,9,30.0,5.7,2.15,1.73,52.0,15.98,2025-2026
1628436,Luke Kornet,9,30.0,5.27,1.37,5.41,59.0,17.27,2025-2026
1628449,Chris Boucher,9,33.0,8.5,0.85,3.75,60.0,14.66,2025-2026
1628464,Daniel Theis,9,33.0,3.56,1.22,3.5,50.0,14.17,2025-2026
1628467,Maxi Kleber,9,34.0,2.65,0.71,2.13,54.0,13.22,2025-2026
1628470,Torrey Craig,9,35.0,3.44,0.63,2.63,55.0,12.19,2025-2026
1628960,Grayson Allen,8,30.0,9.09,1.91,2.76,68.0,20.96,2025-2026
1628963,Marvin Bagley III,8,27.0,5.78,0.58,3.72,63.0,13.26,2025-2026
1628964,Mo Bamba,8,27.0,5.42,0.69,4.86,64.0,15.37,2025-2026
1628969,Mikal Bridges,8,29.0,16.56,3.37,3.02,81.0,34.85,2025-2026
1628970,Miles Bridges,7,28.0,19.41,3.96,7.14,64.0,31.8,2025-2026
1628971,Bruce Brown,8,29.0,7.53,2.02,3.69,72.0,22.26,2025-2026
1628973,Jalen Brunson,8,29.0,22.45,7.07,2.98,71.0,34.12,2025-2026
1628975,Jevon Carter,8,30.0,4.86,1.6,1.4,45.0,12.38,2025-2026
1628976,Wendell Carter Jr.,8,27.0,8.62,1.69,6.53,68.0,24.07,2025-2026
1628978,Donte DiVincenzo,8,29.0,11.64,3.41,3.41,71.0,25.88,2025-2026
1628981,Bruno Fernando,7,27.0,4.23,1.07,3.21,39.0,11.07,2025-2026
1628983,Shai Gilgeous-Alexander,8,27.0,26.7,6.12,4.62,70.0,34.2,2025-2026
1628988,Aaron Holiday,8,29.0,6.19,1.94,1.61,58.0,16.19,2025-2026
1628989,Kevin Huerter,8,27.0,7.61,2.05,2.73,67.0,20.4,2025-2026
1628991,Jaren Jackson Jr.,8,26.0,21.32,1.89,5.52,71.0,29.8,2025-2026
1628995,Kevin Knox II,8,26.0,5.38,0.62,2.43,27.0,12.99,2025-2026
1628997,Caleb Martin,7,30.0,6.7,1.76,3.33,58.0,22.99,2025-2026
1628998,Cody Martin,7,30.0,5.53,1.73,3.66,53.0,18.19,2025-2026
1629001,De'Anthony Melton,8,27.0,8.22,2.44,2.64,37.0,17.57,2025-2026
1629003,Shake Milton,8,29.0,5.41,1.94,1.99,57.0,15.44,2025-2026
1629004,Svi Mykhailiuk,8,28.0,8.03,1.88,2.28,56.0,19.29,2025-2026
1629006,Josh Okogie,8,27.0,7.0,0.93,2.85,69.0,16.93,2025-2026
1629008,Michael Porter Jr.,7,27.0,16.86,2.19,6.51,74.0,32.05,2025-2026
1629011,Mitchell Robinson,8,28.0,5.47,0.7,5.78,51.0,17.25,2025-2026
1629012,Collin Sexton,8,27.0,17.01,4.36,2.72,70.0,27.49,2025-2026
1629013,Landry Shamet,8,29.0,6.12,0.74,1.47,63.0,16.37,2025-2026
1629014,Anfernee Simons,8,26.0,17.8,4.7,2.76,71.0,31.58,2025-2026
1629018,Gary Trent Jr.,8,27.0,9.76,1.08,2.29,64.0,22.85,2025-2026
1629020,Jarred Vanderbilt,8,27.0,4.41,0.92,4.66,51.0,15.08,2025-2026
1629021,Moritz Wagner,8,28.0,9.7,1.46,4.6,63.0,17.3,2025-2026
1629022,Lonnie Walker IV,8,27.0,11.53,2.29,3.07,69.0,20.77,2025-2026
1629023,P.J. Washington,7,27.0,12.99,2.16,6.5,71.0,29.14,2025-2026
1629026,Kenrich Williams,8,31.0,5.66,1.22,3.34,59.0,16.23,2025-2026
1629027,Trae Young,8,27.0,21.79,9.85,3.09,76.0,35.22,2025-2026
1629028,Deandre Ayton,8,27.0,14.43,1.66,8.95,57.0,29.52,2025-2026
1629029,Luka Dončić,8,27.0,27.53,8.62,8.63,69.0,36.33,2025-2026
1629048,Goga Bitadze,7,26.0,6.67,1.84,6.52,64.0,20.6,2025-2026
1629052,Oshae Brissett,7,27.0,6.46,0.55,2.6,36.0,13.39,2025-2026
1629057,Robert Williams III,8,28.0,6.02,0.88,5.81,58.0,17.87,2025-2026
1629060,Rui Hachimura,7,28.0,10.86,1.41,4.59,66.0,27.7,2025-2026
1629098,Jack McVeigh,2,29.0,3.43,0.54,1.56,31.0,9.91,2025-2026
1629111,Jock Landale,5,30.0,5.09,0.88,3.04,50.0,12.64,2025-2026
1629130,Duncan Robinson,8,32.0,9.38,2.04,1.94,69.0,21.2,2025-2026
1629162,Jordan McLaughlin,7,30.0,2.64,2.11,1.02,26.0,11.47,2025-2026
1629216,Gabe Vincent,7,29.0,6.24,1.63,1.58,59.0,19.47,2025-2026
1629234,Drew Eubanks,8,29.0,5.29,0.88,4.55,63.0,13.81,2025-2026
1629312,Haywood Highsmith,6,29.0,5.38,1.33,3.12,62.0,19.55,2025-2026
1629599,Amir Coffey,7,28.0,7.88,1.03,2.17,69.0,20.69,2025-2026
1629610,DaQuan Jeffries,6,28.0,5.74,1.11,2.65,64.0,18.72,2025-2026
1629611,Terance Mann,7,29.0,7.17,1.63,2.81,61.0,19.29,2025-2026
1629614,Andrew Nembhard,4,26.0,9.72,4.86,2.9,69.0,26.91,2025-2026
1629618,Jalen Pickett,3,26.0,5.39,2.6,1.61,52.0,15.49,2025-2026
1629622,Max Strus,7,30.0,9.34,2.82,3.87,66.0,23.85,2025-2026
1629626,Bol Bol,7,26.0,6.83,0.83,3.04,57.0,13.44,2025-2026
1629627,Zion Williamson,6,25.0,26.72,5.93,7.44,62.0,29.68,2025-2026
1629628,RJ Barrett,7,25.0,21.55,5.48,6.23,63.0,32.45,2025-2026
1629629,Cam Reddish,7,26.0,4.17,0.6,1.92,65.0,13.09,2025-2026
1629630,Ja Morant,7,26.0,25.89,7.41,4.21,62.0,33.49,2025-2026
1629631,De'Andre Hunter,7,28.0,17.08,1.58,3.96,67.0,25.57,2025-2026
1629632,Coby White,7,26.0,18.5,4.38,3.56,73.0,31.78,2025-2026
1629634,Brandon Clarke,7,29.0,7.87,0.98,5.04,65.0,20.01,2025-2026
1629636,Darius Garland,7,26.0,19.06,5.98,2.81,71.0,29.93,2025-2026
1629637,Jaxson Hayes,7,25.0,6.83,1.05,4.87,59.0,19.47,2025-2026
1629638,Nickeil Alexander-Walker,7,27.0,9.76,2.7,2.99,78.0,25.08,2025-2026
1629639,Tyler Herro,7,26.0,23.23,5.64,4.91,70.0,34.75,2025-2026
1629640,Keldon Johnson,7,26.0,12.27,1.61,4.72,77.0,23.24,2025-2026
1629643,Chuma Okeke,6,27.0,5.68,1.37,4.57,59.0,19.47,2025-2026
1629645,Kevin Porter Jr.,6,25.0,10.97,4.12,3.64,68.0,23.81,2025-2026
1629646,Charles Bassey,5,25.0,5.29,0.66,5.12,57.0,13.48,2025-2026
1629650,Moses Brown,7,26.0,5.79,0.42,3.64,46.0,10.48,2025-2026
1629651,Nic Claxton,7,27.0,9.04,2.08,6.47,72.0,24.69,2025-2026
1629652,Luguentz Dort,7,27.0,8.63,1.53,3.82,71.0,25.44,2025-2026
1629655,Daniel Gafford,7,27.0,12.3,1.39,6.82,67.0,21.84,2025-2026
1629656,Quentin Grimes,5,25.0,15.3,3.21,4.39,77.0,28.72,2025-2026
1629659,Talen Horton-Tucker,7,25.0,7.57,1.77,1.92,50.0,15.89,2025-2026
1629660,Ty Jerome,7,28.0,11.64,3.67,2.65,68.0,22.41,2025-2026
1629661,Cameron Johnson,7,30.0,17.1,3.23,4.1,71.0,30.37,2025-2026
1629667,Jalen McDaniels,7,28.0,3.41,0.54,1.1,16.0,5.36,2025-2026
1629669,Jaylen Nowell,7,26.0,8.03,1.98,2.21,41.0,16.29,2025-2026
1629673,Jordan Poole,7,26.0,19.61,4.65,3.13,70.0,30.54,2025-2026
1629674,Neemias Queta,5,26.0,6.29,0.88,4.45,61.0,16.63,2025-2026
1629675,Naz Reid,7,26.0,13.76,2.14,5.69,77.0,26.26,2025-2026
1629680,Matisse Thybulle,7,29.0,6.93,1.59,3.83,51.0,19.84,2025-2026
1629684,Grant Williams,7,27.0,7.63,2.04,4.25,64.0,25.54,2025-2026
1629723,John Konchar,7,30.0,2.36,0.79,3.35,53.0,11.96,2025-2026
1629726,Garrison Mathews,7,29.0,7.31,1.52,1.98,59.0,17.9,2025-2026
1629731,Dean Wade,7,29.0,4.79,1.24,3.85,59.0,19.03,2025-2026
1629750,Javonte Green,7,32.0,3.98,0.78,2.67,62.0,15.07,2025-2026
1630162,Anthony Edwards,6,24.0,27.57,4.74,5.69,73.0,36.12,2025-2026
1630163,LaMelo Ball,6,24.0,28.3,7.72,5.0,48.0,33.0,2025-2026
1630164,James Wiseman,5,24.0,7.18,0.68,2.81,62.0,17.85,2025-2026
1630165,Killian Hayes,6,24.0,9.82,5.45,1.99,48.0,19.83,2025-2026
1630166,Deni Avdija,6,25.0,18.39,3.84,7.23,66.0,31.34,2025-2026
1630167,Obi Toppin,6,28.0,9.83,1.66,4.05,75.0,20.81,2025-2026
1630168,Onyeka Okongwu,6,25.0,13.09,2.17,8.52,71.0,26.88,2025-2026
1630169,Tyrese Haliburton,6,26.0,19.29,9.01,3.52,73.0,33.73,2025-2026
1630170,Devin Vassell,6,25.0,17.03,3.15,4.05,69.0,31.54,2025-2026
1630171,Isaac Okoro,6,25.0,6.18,1.27,2.3,60.0,15.93,2025-2026
1630172,Patrick Williams,6,24.0,9.29,1.92,3.58,66.0,24.4,2025-2026
1630173,Precious Achiuwa,6,26.0,5.73,0.95,5.13,61.0,18.18,2025-2026
1630174,Aaron Nesmith,6,26.0,11.66,1.14,3.75,68.0,23.7,2025-2026
1630175,Cole Anthony,6,25.0,10.79,3.54,3.21,59.0,21.64,2025-2026
1630178,Tyrese Maxey,6,25.0,26.17,6.07,3.34,65.0,36.06,2025-2026
1630180,Saddiq Bey,5,26.0,11.84,1.49,6.07,71.0,29.42,2025-2026
1630182,Josh Green,6,25.0,6.84,1.5,2.34,60.0,22.49,2025-2026
1630183,Jaden McDaniels,6,25.0,12.55,1.75,5.63,81.0,30.3,2025-2026
1630188,Jalen Smith,6,26.0,9.01,1.11,7.23,66.0,19.52,2025-2026
1630191,Isaiah Stewart,6,24.0,6.61,1.73,5.31,63.0,19.81,2025-2026
1630192,Zeke Nnaji,6,25.0,4.11,0.55,2.47,50.0,13.69,2025-2026
1630193,Immanuel Quickley,6,26.0,17.84,5.67,3.38,72.0,26.18,2025-2026
1630194,Paul Reed,6,26.0,5.54,1.0,3.47,55.0,12.71,2025-2026
1630198,Isaiah Joe,6,26.0,9.52,1.6,2.61,70.0,21.47,2025-2026
1630200,Tre Jones,6,26.0,7.78,4.38,2.31,61.0,23.31,2025-2026
1630201,Malachi Flynn,6,27.0,6.19,1.87,2.35,31.0,13.78,2025-2026
1630202,Payton Pritchard,6,28.0,14.1,3.44,3.57,75.0,27.79,2025-2026
1630205,Lamar Stevens,6,28.0,4.61,0.6,2.6,42.0,10.51,2025-2026
1630208,Nick Richards,6,28.0,8.94,0.82,6.79,68.0,21.17,2025-2026
1630214,Xavier Tillman,6,27.0,2.59,0.38,2.36,45.0,12.4,2025-2026
1630215,Jared Butler,5,25.0,9.59,3.91,1.87,71.0,19.72,2025-2026
1630217,Desmond Bane,6,27.0,18.61,5.53,5.88,70.0,32.16,2025-2026
1630222,Mason Jones,5,27.0,3.73,1.91,1.74,25.0,12.61,2025-2026
1630224,Jalen Green,5,24.0,21.66,3.49,4.42,75.0,33.51,2025-2026
1630227,Daishen Nix,5,24.0,5.77,1.28,2.8,29.0,13.79,2025-2026
1630228,Jonathan Kuminga,5,23.0,16.21,2.33,4.58,63.0,27.91,2025-2026
1630230,Naji Marshall,6,28.0,12.47,2.72,4.41,69.0,26.53,2025-2026
1630231,KJ Martin,6,25.0,6.5,1.2,3.02,50.0,19.29,2025-2026
1630241,Sam Merrill,6,29.0,6.76,1.46,2.12,63.0,19.77,2025-2026
1630243,Trevelin Queen,5,29.0,5.12,1.27,1.83,37.0,13.97,2025-2026
1630245,Ayo Dosunmu,5,26.0,12.4,4.62,3.34,65.0,29.46,2025-2026
1630249,Vít Krejčí,5,25.0,7.73,2.6,2.7,63.0,21.37,2025-2026
1630256,Jae'Sean Tate,6,30.0,3.51,0.82,2.41,49.0,12.72,2025-2026
1630264,Anthony Gill,6,33.0,2.56,0.41,1.68,46.0,10.1,2025-2026
1630283,Kylor Kelley,2,28.0,3.12,0.41,3.0,38.0,10.38,2025-2026
1630288,Jeff Dowtin Jr.,5,28.0,6.8,2.4,1.57,55.0,16.43,2025-2026
1630296,Braxton Key,5,29.0,3.81,0.36,1.87,22.0,10.33,2025-2026
1630311,Pat Spencer,3,29.0,3.45,1.97,1.59,42.0,10.9,2025-2026
1630314,Brandon Williams,4,26.0,7.89,2.31,1.72,61.0,15.83,2025-2026
1630322,Lindy Waters III,5,28.0,5.19,1.13,2.08,68.0,14.75,2025-2026
1630346,Matt Ryan,5,28.0,2.94,0.5,1.3,35.0,11.76,2025-2026
1630526,Jeremiah Robinson-Earl,5,25.0,6.69,1.26,4.94,59.0,17.96,2025-2026
1630527,Brandon Boston,5,24.0,9.91,2.2,2.98,54.0,23.16,2025-2026
1630528,Josh Christopher,4,24.0,5.68,1.04,1.7,30.0,14.08,2025-2026
1630529,Herbert Jones,5,27.0,7.28,2.8,3.09,64.0,23.97,2025-2026
1630530,Trey Murphy III,5,25.0,21.38,3.68,5.17,69.0,34.7,2025-2026
1630531,Jaden Springer,5,23.0,5.64,1.76,2.16,43.0,16.22,2025-2026
1630532,Franz Wagner,5,24.0,24.03,5.04,5.58,61.0,33.84,2025-2026
1630533,Ziaire Williams,5,24.0,10.33,1.59,4.16,66.0,23.42,2025-2026
1630534,Ochai Agbaji,4,25.0,10.02,1.43,3.39,68.0,24.07,2025-2026
1630537,Chris Duarte,5,28.0,2.85,0.73,1.74,41.0,11.75,2025-2026
1630538,Bones Hyland,5,25.0,6.88,2.03,1.76,56.0,15.65,2025-2026
1630539,Kai Jones,4,25.0,6.89,0.89,3.92,74.0,15.67,2025-2026
1630540,Miles McBride,5,25.0,10.17,3.09,2.33,68.0,23.09,2025-2026
1630541,Moses Moody,5,23.0,10.47,1.75,2.88,67.0,22.69,2025-2026
1630542,Marcus Bagley,2,24.0,3.99,0.7,5.45,52.0,13.2,2025-2026
1630543,Isaiah Jackson,5,24.0,5.47,0.99,6.15,42.0,20.22,2025-2026
1630544,Tre Mann,5,25.0,12.68,3.59,2.77,56.0,26.34,2025-2026
1630545,Terrence Shannon Jr.,2,25.0,5.9,1.33,1.63,46.0,13.43,2025-2026
1630548,Johnny Juzang,4,25.0,9.18,1.17,3.12,67.0,20.79,2025-2026
1630549,Day'Ron Sharpe,5,24.0,8.4,2.11,7.12,71.0,19.93,2025-2026
1630550,JT Thor,5,23.0,4.76,0.52,2.8,54.0,14.13,2025-2026
1630551,Justin Champagnie,5,24.0,8.49,1.09,5.59,62.0,21.5,2025-2026
1630552,Jalen Johnson,5,24.0,18.27,4.58,9.21,50.0,34.13,2025-2026
1630553,Keon Johnson,5,24.0,10.41,2.46,3.49,71.0,25.36,2025-2026
1630556,Kessler Edwards,5,25.0,4.78,1.04,3.08,58.0,14.18,2025-2026
1630557,Corey Kispert,5,27.0,10.82,1.6,3.04,78.0,26.03,2025-2026
1630558,Davion Mitchell,5,27.0,7.43,4.01,2.03,70.0,23.12,2025-2026
1630559,Austin Reaves,5,27.0,19.51,5.59,4.28,74.0,33.86,2025-2026
1630560,Cam Thomas,5,24.0,23.89,4.09,3.04,48.0,30.81,2025-2026
1630561,David Duke Jr.,5,26.0,4.46,1.3,1.79,33.0,13.18,2025-2026
1630567,Scottie Barnes,5,24.0,18.82,5.76,7.51,66.0,32.65,2025-2026
1630568,Luka Garza,5,27.0,4.23,0.53,2.28,44.0,11.89,2025-2026
1630570,Trendon Watford,5,25.0,9.6,2.58,3.38,63.0,21.65,2025-2026
1630572,Sandro Mamukelashvili,5,26.0,6.95,1.0,3.8,59.0,15.23,2025-2026
1630573,Sam Hauser,5,28.0,8.56,0.97,2.95,66.0,20.52,2025-2026
1630574,Ariel Hukporti,2,24.0,3.04,0.58,2.6,38.0,9.42,2025-2026
1630577,Julian Champagnie,4,24.0,10.87,1.71,3.93,71.0,25.65,2025-2026
1630578,Alperen Sengun,5,23.0,19.66,5.05,9.91,70.0,32.77,2025-2026
1630579,Jericho Sims,5,27.0,2.8,0.75,5.43,57.0,12.05,2025-2026
1630581,Josh Giddey,5,23.0,14.85,7.42,7.77,66.0,31.5,2025-2026
1630583,Santi Aldama,5,25.0,13.41,3.0,6.12,69.0,27.63,2025-2026
1630585,Marcus Garrett,3,27.0,4.93,2.82,1.12,39.0,15.06,2025-2026
1630590,Scotty Pippen Jr.,4,25.0,11.56,5.18,3.43,76.0,25.41,2025-2026
1630591,Jalen Suggs,5,24.0,17.94,4.01,3.78,66.0,28.83,2025-2026
1630592,Jalen Wilson,3,25.0,9.25,1.78,3.27,75.0,24.02,2025-2026
1630595,Cade Cunningham,5,24.0,26.52,8.72,6.06,66.0,35.21,2025-2026
1630596,Evan Mobley,5,24.0,19.14,3.37,9.53,64.0,32.09,2025-2026
1630598,Aaron Wiggins,5,27.0,11.69,1.75,3.81,82.0,23.0,2025-2026
1630604,E.J. Liddell,3,25.0,3.57,0.64,1.96,26.0,11.54,2025-2026
1630611,Gui Santos,3,23.0,5.19,1.47,3.49,54.0,14.99,2025-2026
1630618,D.J. Carton,3,25.0,3.56,1.53,1.34,30.0,10.89,2025-2026
1630623,Tyson Etienne,2,26.0,3.85,1.16,1.05,38.0,8.76,2025-2026
1630625,Dalano Banton,5,26.0,8.31,2.47,2.05,62.0,18.72,2025-2026
1630631,Jose Alvarado,5,28.0,9.23,4.08,2.23,66.0,20.1,2025-2026
1630639,A.J. Lawson,4,25.0,8.86,1.03,2.82,56.0,16.63,2025-2026
1630643,Jay Huff,5,28.0,7.36,0.79,2.39,66.0,14.57,2025-2026
1630644,Mac McClung,4,27.0,4.77,2.41,1.24,44.0,14.04,2025-2026
1630649,Stanley Umude,4,27.0,2.6,0.53,2.14,32.0,8.52,2025-2026
1630658,Colin Castleton,3,25.0,5.41,1.03,5.02,58.0,16.99,2025-2026
1630678,Terry Taylor,5,26.0,3.19,2.02,1.15,28.0,9.59,2025-2026
1630692,Jordan Goodwin,5,27.0,4.54,1.19,3.25,56.0,17.06,2025-2026
1630695,Micah Potter,5,28.0,4.14,0.81,3.76,51.0,16.17,2025-2026
1630696,Dru Smith,4,28.0,5.95,1.51,2.35,50.0,17.88,2025-2026
1630699,MarJon Beauchamp,4,25.0,4.91,0.58,2.14,41.0,10.81,2025-2026
1630700,Dyson Daniels,4,23.0,15.88,4.13,5.42,71.0,33.23,2025-2026
1630702,Jaden Hardy,4,23.0,8.67,2.15,1.91,61.0,19.34,2025-2026
1630703,Scoot Henderson,3,22.0,14.12,5.6,3.37,69.0,28.09,2025-2026
1630762,Phillip Wheeler,2,23.0,3.03,0.7,2.25,27.0,9.58,2025-2026
1630811,Keaton Wallace,2,27.0,4.65,1.76,1.46,45.0,13.62,2025-2026
1631093,Jaden Ivey,4,24.0,16.55,3.91,3.79,62.0,26.53,2025-2026
1631094,Paolo Banchero,4,23.0,25.39,5.28,7.81,65.0,34.85,2025-2026
1631095,Jabari Smith Jr.,4,22.0,12.16,1.23,6.3,65.0,31.02,2025-2026
1631096,Chet Holmgren,3,24.0,13.0,1.6,7.35,66.0,23.82,2025-2026
1631097,Bennedict Mathurin,4,23.0,17.95,2.11,5.34,70.0,29.79,2025-2026
1631098,Johnny Davis,4,23.0,5.02,0.76,2.27,44.0,14.39,2025-2026
1631099,Keegan Murray,4,25.0,12.61,1.5,6.22,80.0,31.12,2025-2026
1631101,Shaedon Sharpe,4,22.0,20.25,3.49,4.32,67.0,30.9,2025-2026
1631102,TyTy Washington Jr.,4,24.0,4.68,1.46,1.65,31.0,14.53,2025-2026
1631103,Malaki Branham,4,22.0,7.7,1.38,1.7,53.0,17.63,2025-2026
1631104,Blake Wesley,4,23.0,5.26,2.6,1.31,55.0,14.94,2025-2026
1631105,Jalen Duren,4,22.0,13.44,3.02,11.37,70.0,30.76,2025-2026
1631106,Tari Eason,4,24.0,12.41,1.5,5.94,69.0,26.15,2025-2026
1631107,Nikola Jović,4,22.0,10.61,3.59,3.82,62.0,24.93,2025-2026
1631108,Max Christie,4,23.0,10.9,2.09,3.41,69.0,27.81,2025-2026
1631109,Mark Williams,4,24.0,15.88,2.57,10.9,69.0,29.45,2025-2026
1631110,Jeremy Sochan,4,22.0,11.1,2.41,6.16,62.0,25.66,2025-2026
1631111,Wendell Moore Jr.,4,24.0,5.71,1.38,3.46,61.0,16.63,2025-2026
1631114,Jalen Williams,4,25.0,21.81,5.15,5.47,68.0,32.42,2025-2026
1631115,Orlando Robinson,4,25.0,7.47,1.83,4.97,51.0,17.62,2025-2026
1631116,Patrick Baldwin Jr.,4,23.0,4.65,0.46,2.39,57.0,11.72,2025-2026
1631117,Walker Kessler,4,24.0,10.81,1.88,10.67,65.0,28.5,2025-2026
1631119,Jaylin Williams,4,23.0,6.85,2.42,6.01,62.0,21.74,2025-2026
1631120,JD Davison,4,23.0,4.8,1.31,1.64,36.0,13.66,2025-2026
1631121,Bryce McGowens,4,23.0,4.04,0.91,2.72,26.0,7.99,2025-2026
1631123,Jamaree Bouyea,4,26.0,5.04,1.59,1.11,34.0,15.31,2025-2026
1631124,Julian Strawther,3,24.0,10.16,1.7,2.41,66.0,21.1,2025-2026
1631127,Harrison Ingram,2,23.0,3.3,1.33,2.11,25.0,9.98,2025-2026
1631128,Christian Braun,4,25.0,14.68,2.46,4.98,81.0,32.5,2025-2026
1631131,Oscar Tshiebwe,3,26.0,7.08,0.71,5.18,60.0,21.85,2025-2026
1631132,Christian Koloko,3,25.0,3.47,0.53,3.09,47.0,11.66,2025-2026
1631133,Jabari Walker,4,23.0,7.01,0.93,4.61,62.0,16.6,2025-2026
1631157,Ryan Rollins,4,23.0,8.33,2.51,2.41,59.0,17.85,2025-2026
1631159,Leonard Miller,3,22.0,2.76,0.35,1.8,17.0,8.78,2025-2026
1631165,Keon Ellis,4,26.0,8.36,1.48,2.51,73.0,22.41,2025-2026
1631166,Drew Timme,2,25.0,8.06,1.47,6.1,69.0,20.68,2025-2026
1631169,Josh Minott,4,23.0,5.39,0.95,1.94,55.0,14.39,2025-2026
1631170,Jaime Jaquez Jr.,3,25.0,8.85,2.48,4.48,69.0,21.09,2025-2026
1631172,Ousmane Dieng,4,22.0,5.68,1.02,2.81,49.0,11.2,2025-2026
1631197,Jared Rhoden,4,26.0,7.93,1.06,2.68,58.0,16.09,2025-2026
1631199,Ron Harper Jr.,4,26.0,5.29,1.44,5.09,43.0,18.84,2025-2026
1631200,Kris Murray,3,25.0,4.98,1.06,2.93,59.0,15.86,2025-2026
1631204,Marcus Sasser,3,25.0,6.8,2.7,1.47,67.0,16.23,2025-2026
1631207,Dalen Terry,4,23.0,6.2,2.07,2.12,61.0,16.33,2025-2026
1631209,Isaiah Wong,3,25.0,6.67,1.97,1.88,46.0,14.48,2025-2026
1631210,Jacob Toppin,3,25.0,2.79,0.63,1.78,36.0,10.28,2025-2026
1631212,Peyton Watson,4,23.0,8.4,1.57,3.81,68.0,22.98,2025-2026
1631213,Tyrese Martin,3,27.0,8.38,1.94,3.35,67.0,21.96,2025-2026
1631214,Alondes Williams,4,26.0,5.69,0.99,1.28,36.0,12.03,2025-2026
1631216,Caleb Houstan,4,23.0,6.18,1.05,1.85,58.0,16.95,2025-2026
1631217,Moussa Diabaté,4,24.0,7.0,0.91,5.59,66.0,18.52,2025-2026
1631218,Trayce Jackson-Davis,3,26.0,6.93,1.62,6.19,66.0,17.96,2025-2026
1631221,Collin Gillespie,3,26.0,6.16,2.24,2.12,52.0,17.1,2025-2026
1631222,Jake LaRavia,4,24.0,7.06,2.61,3.93,72.0,22.61,2025-2026
1631223,David Roddy,4,25.0,6.54,1.22,3.27,61.0,15.9,2025-2026
1631230,Dominick Barlow,4,22.0,5.9,0.72,3.16,60.0,13.98,2025-2026
1631232,Keion Brooks Jr.,2,25.0,7.46,0.92,2.95,47.0,15.06,2025-2026
1631243,Mouhamed Gueye,3,23.0,6.2,0.85,3.78,51.0,15.68,2025-2026
1631245,Quenton Jackson,4,27.0,6.49,2.05,1.86,50.0,16.44,2025-2026
1631246,Vince Williams Jr.,4,25.0,6.06,1.61,2.95,60.0,17.58,2025-2026
1631247,Luke Travers,2,24.0,2.88,0.95,1.8,29.0,10.28,2025-2026
1631248,Baylor Scheierman,2,25.0,3.97,1.02,1.94,40.0,11.76,2025-2026
1631250,Pete Nance,3,26.0,3.72,0.95,1.78,36.0,11.8,2025-2026
1631255,Karlo Matković,2,25.0,7.35,1.11,4.51,62.0,19.12,2025-2026
1631260,AJ Green,4,26.0,6.84,1.41,2.22,65.0,20.91,2025-2026
1631288,Jamal Cain,4,27.0,5.49,0.79,2.53,55.0,14.71,2025-2026
1631303,Justin Minaya,4,27.0,3.36,0.98,1.25,41.0,11.21,2025-2026
1631306,Cole Swider,4,26.0,5.68,0.43,2.71,47.0,15.48,2025-2026
1631311,Lester Quinones,4,25.0,7.07,1.99,1.62,46.0,16.23,2025-2026
1631321,Sidy Cissoko,3,22.0,3.22,1.22,1.46,44.0,9.23,2025-2026
1631323,Simone Fontecchio,4,30.0,5.88,0.89,2.78,68.0,16.14,2025-2026
1631342,Daeqwon Plowden,2,27.0,4.69,0.65,1.92,43.0,12.54,2025-2026
1631386,Tazé Moore,3,27.0,3.86,0.63,4.17,37.0,11.53,2025-2026
1631466,Nate Williams,4,27.0,3.96,0.92,1.2,25.0,10.64,2025-2026
1641705,Victor Wembanyama,3,22.0,21.99,4.23,11.42,58.0,33.98,2025-2026
1641706,Brandon Miller,3,23.0,21.39,3.69,4.46,69.0,35.13,2025-2026
1641707,Taylor Hendricks,3,22.0,4.13,0.56,3.6,37.0,12.07,2025-2026
1641708,Amen Thompson,3,23.0,14.7,3.56,7.59,71.0,31.12,2025-2026
1641709,Ausar Thompson,3,23.0,11.37,2.33,5.19,66.0,23.72,2025-2026
1641710,Anthony Black,3,22.0,11.51,3.82,3.35,69.0,26.43,2025-2026
1641711,Gradey Dick,3,22.0,15.22,2.0,3.73,66.0,27.0,2025-2026
1641712,Rayan Rupert,3,21.0,5.27,0.87,2.52,51.0,14.24,2025-2026
1641713,GG Jackson,3,21.0,6.86,1.02,3.1,47.0,15.26,2025-2026
1641715,Cam Whitmore,3,21.0,10.76,1.26,3.56,59.0,18.93,2025-2026
1641716,Jarace Walker,3,22.0,8.32,1.84,3.49,63.0,18.38,2025-2026
1641717,Cason Wallace,3,22.0,8.0,2.64,3.41,70.0,26.69,2025-2026
1641718,Keyonte George,3,22.0,18.87,5.39,3.94,70.0,32.32,2025-2026
1641720,Jalen Hood-Schifino,3,22.0,6.06,1.94,1.61,51.0,17.09,2025-2026
1641721,Maxwell Lewis,3,23.0,5.51,0.94,2.69,58.0,15.41,2025-2026
1641722,Jordan Hawkins,3,23.0,11.28,1.34,3.01,63.0,23.56,2025-2026
1641723,Kobe Bufkin,3,22.0,5.81,1.52,1.97,47.0,11.7,2025-2026
1641724,Jett Howard,3,22.0,6.62,1.1,1.61,64.0,17.28,2025-2026
1641725,Trey Alexander,2,22.0,3.46,0.99,1.07,46.0,9.81,2025-2026
1641726,Dereck Lively II,3,22.0,9.8,2.83,7.63,67.0,21.39,2025-2026
1641727,Dariq Whitehead,3,21.0,6.86,0.96,2.12,58.0,15.61,2025-2026
1641729,Brice Sensabaugh,3,22.0,11.85,1.97,3.45,66.0,22.74,2025-2026
1641730,Noah Clowney,3,21.0,10.28,1.04,3.74,65.0,22.22,2025-2026
1641731,Bilal Coulibaly,3,21.0,13.42,3.57,5.36,66.0,31.76,2025-2026
1641732,Colby Jones,3,23.0,5.44,1.32,2.46,58.0,15.53,2025-2026
1641733,Nick Smith Jr.,3,22.0,10.67,2.62,2.31,67.0,22.39,2025-2026
1641734,Emoni Bates,3,22.0,5.17,1.35,1.38,33.0,14.11,2025-2026
1641736,Reece Beekman,2,24.0,4.13,2.27,1.43,53.0,14.57,2025-2026
1641737,Adem Bona,2,23.0,6.86,0.74,5.09,68.0,18.55,2025-2026
1641738,Kobe Brown,3,26.0,2.8,0.65,2.21,41.0,8.63,2025-2026
1641739,Toumani Camara,3,25.0,9.82,2.07,5.13,77.0,28.68,2025-2026
1641740,Jaylen Clark,2,24.0,5.48,0.94,1.63,55.0,14.72,2025-2026
1641741,Ricky Council IV,3,24.0,9.12,1.75,3.48,71.0,20.59,2025-2026
1641744,Zach Edey,2,23.0,9.85,1.15,8.47,67.0,23.38,2025-2026
1641745,Adam Flagler,3,26.0,3.31,0.85,1.27,38.0,10.72,2025-2026
1641748,Andre Jackson Jr.,3,24.0,4.43,1.32,3.24,57.0,14.28,2025-2026
1641752,Bobi Klintman,2,23.0,3.28,1.74,1.42,21.0,9.68,2025-2026
1641753,Chris Livingston,3,22.0,3.11,0.3,3.03,33.0,8.86,2025-2026
1641754,Seth Lundy,2,25.0,4.29,0.57,1.9,27.0,12.55,2025-2026
1641755,Kevin McCullar Jr.,2,25.0,3.0,0.68,1.87,22.0,8.89,2025-2026
1641757,Jordan Miller,3,26.0,5.45,1.13,1.81,47.0,12.89,2025-2026
1641763,Julian Phillips,3,22.0,7.16,0.88,2.91,61.0,18.88,2025-2026
1641764,Brandin Podziemski,3,23.0,13.03,3.34,5.05,68.0,28.01,2025-2026
1641765,Olivier-Maxence Prosper,3,23.0,4.92,0.91,3.13,55.0,13.62,2025-2026
1641766,Adama Sanogo,3,24.0,3.68,0.68,2.47,30.0,10.26,2025-2026
1641767,Ben Sheppard,3,24.0,6.65,1.72,3.03,63.0,19.23,2025-2026
1641772,Nae'Qwan Tomlin,2,25.0,1.79,0.74,3.34,40.0,9.67,2025-2026
1641774,Tristan Vukcevic,3,23.0,9.51,1.29,3.94,62.0,15.02,2025-2026
1641775,Jordan Walsh,3,22.0,3.78,0.72,2.51,47.0,13.14,2025-2026
1641779,Jalen Bridges,2,24.0,3.1,0.5,1.68,30.0,8.78,2025-2026
1641787,Tosan Evbuomwan,3,25.0,7.99,1.48,3.39,65.0,19.5,2025-2026
1641789,Jazian Gortman,2,23.0,4.33,1.42,1.53,40.0,11.45,2025-2026
1641790,PJ Hall,2,24.0,3.67,0.41,2.25,45.0,9.61,2025-2026
1641794,Dillon Jones,2,24.0,3.51,1.19,2.71,57.0,12.18,2025-2026
1641796,Pelle Larsson,2,25.0,6.03,1.43,1.8,61.0,17.29,2025-2026
1641798,Jaylen Martin,2,22.0,4.94,1.01,2.71,45.0,13.56,2025-2026
1641801,Emanuel Miller,2,25.0,3.31,0.75,2.6,39.0,10.83,2025-2026
1641803,Tristen Newton,2,24.0,3.79,0.8,1.23,42.0,10.0,2025-2026
1641809,Drew Peterson,3,26.0,3.27,0.58,2.09,34.0,10.7,2025-2026
1641810,Antonio Reeves,2,23.0,7.24,1.16,1.86,54.0,17.84,2025-2026
1641815,Isaiah Stevens,2,25.0,2.89,0.42,1.39,23.0,7.1,2025-2026
1641816,Hunter Tyson,3,25.0,3.85,0.66,2.32,45.0,12.12,2025-2026
1641817,Anton Watson,2,25.0,3.32,0.76,1.38,24.0,8.95,2025-2026
1641824,Matas Buzelis,2,21.0,12.1,1.36,5.08,74.0,23.39,2025-2026
1641842,Ronald Holland II,2,20.0,9.96,1.36,3.65,65.0,21.22,2025-2026
1641854,Craig Porter Jr.,3,26.0,4.94,1.97,1.67,51.0,14.98,2025-2026
1641857,Liam Robbins,2,26.0,3.14,0.44,2.48,26.0,8.35,2025-2026
1641871,Duop Reath,3,29.0,4.57,0.71,2.35,52.0,12.36,2025-2026
1641878,Damion Baugh,2,25.0,6.54,2.4,2.26,56.0,18.19,2025-2026
1641879,Yuri Collins,2,24.0,3.1,1.4,1.28,24.0,14.26,2025-2026
1641890,Tyler Smith,2,21.0,5.07,0.55,2.26,43.0,11.75,2025-2026
1641936,Miles Norris,2,26.0,3.42,0.45,1.82,29.0,10.7,2025-2026
1641989,Elijah Harkless,2,26.0,3.84,0.87,2.1,34.0,11.54,2025-2026
1641998,Trey Jemison III,3,26.0,3.35,0.53,3.35,55.0,13.04,2025-2026
1642024,Alex Reese,2,26.0,4.13,0.38,2.63,43.0,12.67,2025-2026
1642050,Jackson Rowe,2,29.0,3.5,0.57,2.02,27.0,9.61,2025-2026
1642258,Zaccharie Risacher,2,21.0,13.43,1.54,4.09,68.0,29.13,2025-2026
1642259,Alex Sarr,2,20.0,13.9,3.03,6.77,69.0,29.65,2025-2026
1642261,Dalton Knecht,2,25.0,9.63,1.0,2.79,77.0,20.57,2025-2026
1642262,Cody Williams,2,21.0,6.24,1.34,2.45,52.0,19.45,2025-2026
1642263,Reed Sheppard,2,21.0,7.08,2.28,2.11,60.0,18.41,2025-2026
1642264,Stephon Castle,2,21.0,19.15,4.95,4.38,74.0,30.95,2025-2026
1642265,Rob Dillingham,2,21.0,6.24,2.96,1.78,59.0,17.08,2025-2026
1642266,Ja'Kobe Walter,2,21.0,10.82,1.99,3.62,67.0,24.13,2025-2026
1642267,Bub Carrington,2,20.0,13.55,4.93,5.16,73.0,34.04,2025-2026
1642268,Isaiah Collier,2,21.0,11.32,6.49,3.59,66.0,29.25,2025-2026
1642269,Devin Carter,2,24.0,4.93,1.25,2.49,51.0,12.39,2025-2026
1642270,Donovan Clingan,2,22.0,7.94,1.23,7.98,67.0,21.83,2025-2026
1642271,Kyle Filipowski,2,22.0,12.4,2.32,6.4,66.0,25.71,2025-2026
1642272,Jared McCain,2,22.0,15.93,2.57,2.29,73.0,30.24,2025-2026
1642273,Kyshawn George,2,22.0,9.37,2.7,4.21,70.0,26.99,2025-2026
1642274,Yves Missi,2,21.0,11.5,1.6,8.26,69.0,28.12,2025-2026
1642275,Tidjane Salaün,2,20.0,7.46,1.37,4.72,58.0,19.31,2025-2026
1642276,Kel'el Ware,2,22.0,10.89,1.19,8.29,68.0,25.65,2025-2026
1642277,Johnny Furphy,2,21.0,4.85,0.87,2.76,52.0,15.1,2025-2026
1642278,Tyler Kolek,2,25.0,3.56,2.47,1.08,38.0,12.65,2025-2026
1642279,Ulrich Chomche,2,20.0,2.97,0.48,3.9,30.0,10.19,2025-2026
1642280,Trentyn Flowers,2,21.0,3.56,0.51,2.12,22.0,10.58,2025-2026
1642281,Jaylon Tyson,2,23.0,4.72,1.16,2.9,50.0,13.09,2025-2026
1642285,Cam Spencer,2,26.0,5.87,1.98,1.4,35.0,13.5,2025-2026
1642345,Oso Ighodaro,2,23.0,4.52,1.22,4.13,58.0,15.16,2025-2026
1642346,Ryan Dunn,2,23.0,8.15,1.04,4.22,71.0,20.83,2025-2026
1642347,Jamal Shead,2,23.0,8.19,4.21,1.78,70.0,19.73,2025-2026
1642348,Justin Edwards,2,22.0,10.08,1.61,3.31,65.0,24.45,2025-2026
1642349,Ajay Mitchell,2,23.0,7.28,2.2,2.06,54.0,18.35,2025-2026
1642352,Keshad Johnson,2,24.0,4.6,0.5,2.78,42.0,11.24,2025-2026
1642353,Cam Christie,2,20.0,2.9,0.71,1.97,24.0,9.63,2025-2026
1642354,KJ Simpson,2,23.0,8.19,2.86,2.87,68.0,22.29,2025-2026
1642355,Bronny James,2,21.0,4.51,1.37,1.85,53.0,14.01,2025-2026
1642358,AJ Johnson,2,21.0,10.14,2.87,2.38,63.0,23.67,2025-2026
1642359,Pacome Dadiet,2,20.0,3.42,0.64,2.1,47.0,11.52,2025-2026
1642366,Quinten Post,2,26.0,7.83,1.28,3.18,60.0,17.03,2025-2026
1642367,Jonathan Mogbo,2,24.0,7.11,2.17,4.98,66.0,21.1,2025-2026
1642368,N'Faly Dante,2,24.0,4.3,0.86,2.88,41.0,12.31,2025-2026
1642377,Jaylen Wells,2,22.0,12.28,2.09,4.05,72.0,29.93,2025-2026
1642382,Branden Carlson,2,26.0,4.54,0.55,2.28,39.0,11.89,2025-2026
1642384,Isaiah Crawford,2,24.0,3.27,0.34,1.73,27.0,8.65,2025-2026
1642385,Cui Yongxi,2,22.0,2.89,0.44,1.9,13.0,9.61,2025-2026
1642389,Zyon Pullin,2,25.0,3.3,0.67,1.2,24.0,6.01,2025-2026
1642399,Jesse Edwards,2,26.0,3.71,1.27,1.06,28.0,10.31,2025-2026
1642402,Enrique Freeman,2,25.0,4.39,0.67,2.07,32.0,11.73,2025-2026
1642403,Isaac Jones,2,25.0,4.58,0.54,2.19,43.0,12.15,2025-2026
1642419,Jamison Battle,2,24.0,7.91,1.07,2.98,65.0,18.69,2025-2026
1642422,Armel Traoré,2,23.0,3.3,0.44,2.55,27.0,9.75,2025-2026
1642434,Riley Minix,2,25.0,2.58,0.68,1.81,27.0,7.4,2025-2026
1642439,Quincy Olivari,2,24.0,3.47,1.19,1.01,24.0,10.26,2025-2026
1642443,Jahmir Young,2,25.0,3.57,1.24,1.2,24.0,10.39,2025-2026
1642449,Tolu Smith,2,25.0,7.08,0.74,2.16,52.0,21.56,2025-2026
1642450,Daniss Jenkins,2,24.0,3.57,1.69,1.19,30.0,12.78,2025-2026
1642461,Spencer Jones,2,24.0,3.12,0.46,1.41,33.0,10.22,2025-2026
1642484,RayJ Dennis,2,25.0,4.05,1.52,1.49,27.0,10.72,2025-2026
1642502,Malevy Leons,2,26.0,3.25,0.7,1.79,28.0,8.84,2025-2026
1642505,Alex Ducas,2,25.0,3.35,0.45,1.99,29.0,9.08,2025-2026
1642530,Yuki Kawamura,2,24.0,3.44,1.29,1.39,48.0,10.28,2025-2026
